,Date,Checking,Credit: Curr Stmt Bal,Credit: Prev Stmt Bal,Credit: Credit Billing Cycle Payment Bal,Credit: Credit End of Prev Cycle Bal,Dad Loan: Principal Balance,Dad Loan: Interest,Dad Loan: Loan Billing Cycle Payment Bal,Dad Loan: Loan End of Prev Cycle Bal,Student Loans: Principal Balance,Student Loans: Interest,Student Loans: Loan Billing Cycle Payment Bal,Student Loans: Loan End of Prev Cycle Bal,Marginal Interest,Net Gain,Net Loss,Net Worth,Loan Total,CC Debt Total,Liquid Total,Next Income Date,Memo Directives,Memo
0,20241031,3959.17,0.0,14286.0,0.0,14286.0,15900.0,0.0,0.0,15900.0,15000.0,100.0,0.0,15000.0,0.0,0.0,0.0,-41326.83,31000.0,14286.0,3959.17,20241108,,
1,20241101,3459.17,120.0,14286.0,0.0,14286.0,15400.0,0.0,0.0,15900.0,15000.0,102.46406570841889,0.0,15000.0,2.464065708418886,0.0,122.46406570841889,-41449.294065708425,30502.46406570842,14406.0,3459.17,20241108,LOAN MIN PAYMENT (Dad Loan: Principal Balance -$500.00); LOAN MIN PAYMENT (Checking -$500.00),storage unit rent (Credit +$100.00); food (Credit +$20.00)
2,20241102,3459.17,230.0,14286.0,0.0,14286.0,15400.0,0.0,0.0,15400.0,15000.0,104.92813141683777,0.0,15000.0,2.464065708418886,0.0,112.46406570841889,-41561.758131416835,30504.928131416837,14516.0,3459.17,20241108,,parking (Credit +$50.00); ai daddy (Credit +$20.00); food (Credit +$20.00); hulu (Credit +$20.00)
3,20241103,3235.98,250.0,14286.0,0.0,14286.0,15400.0,0.0,0.0,15400.0,14884.202197125256,0.0,0.0,15000.0,2.4618685831622287,0.0,22.46186858316223,-41584.22219712526,30284.202197125254,14536.0,3235.98,20241108,LOAN MIN PAYMENT (Student Loans: Interest -$107.39); LOAN MIN PAYMENT (Student Loans: Principal Balance -$115.80); LOAN MIN PAYMENT (Checking -$223.19),food (Credit +$20.00)
4,20241104,3235.98,270.0,14286.0,0.0,14286.0,15400.0,0.0,0.0,15400.0,14884.202197125256,2.445043482073964,0.0,14884.202197125256,2.445043482073964,0.0,22.445043482073963,-41606.667240607334,30286.64724060733,14556.0,3235.98,20241108,,food (Credit +$20.00)
5,20241105,0.0,370.0,11050.02,3235.98,14286.0,15400.0,0.0,0.0,15400.0,14884.202197125256,4.890086964147928,0.0,14884.202197125256,2.445043482073964,0.0,102.44504348207397,-41709.1122840894,30289.0922840894,11420.02,0.0,20241108,ADDTL CC PAYMENT (Checking -$3235.98); ADDTL CC PAYMENT (Credit: Prev Stmt Bal -$3235.98),gas (Credit +$80.00); food (Credit +$20.00)
6,20241106,4.547473508864641e-13,390.0,11050.02,3235.98,14286.0,15400.0,0.0,0.0,15400.0,14884.202197125256,7.335130446221892,0.0,14884.202197125256,2.445043482073964,0.0,22.445043482073963,-41731.55732757148,30291.537327571477,11440.02,4.547473508864641e-13,20241108,,food (Credit +$20.00)
7,20241107,9.094947017729282e-13,0,11805.14595,3235.98,14286.0,15400.0,0.0,0.0,15400.0,14884.202197125256,9.780173928295856,0.0,14884.202197125256,347.57504348207397,0.0,367.57504348207397,-42099.12832105355,30293.98237105355,11805.14595,9.094947017729282e-13,20241108,CC INTEREST (Credit: Prev Stmt Bal +$345.13); CC MIN PAYMENT ALREADY MADE (Checking -$0.00); CC MIN PAYMENT ALREADY MADE (Credit: Prev Stmt Bal -$0.00),food (Credit +$20.00)
8,20241108,1600.000000000001,20.0,11805.14595,0.0,11805.14595,15400.0,0.0,0.0,15400.0,14884.202197125256,12.225217410369819,0.0,14884.202197125256,2.445043482073963,1577.554956517926,0.0,-40521.57336453562,30296.427414535625,11825.14595,1600.000000000001,20241122,INCOME (Checking +$1600.00),EMT income (Checking +$1600.00); food (Credit +$20.00)
9,20241109,1600.000000000001,40.0,11805.14595,0.0,11805.14595,15400.0,0.0,0.0,15400.0,14884.202197125256,14.670260892443782,0.0,14884.202197125256,2.445043482073963,0.0,22.445043482073963,-40544.0184080177,30298.872458017697,11845.14595,1600.000000000001,20241122,,food (Credit +$20.00)
10,20241110,1600.000000000001,60.0,11805.14595,0.0,11805.14595,15400.0,0.0,0.0,15400.0,14884.202197125256,17.115304374517745,0.0,14884.202197125256,2.445043482073963,0.0,22.445043482073963,-40566.463451499774,30301.317501499772,11865.14595,1600.000000000001,20241122,,food (Credit +$20.00)
11,20241111,1600.000000000001,80.0,11805.14595,0.0,11805.14595,15400.0,0.0,0.0,15400.0,14884.202197125256,19.560347856591708,0.0,14884.202197125256,2.445043482073963,0.0,22.445043482073963,-40588.90849498184,30303.762544981844,11885.14595,1600.000000000001,20241122,,food (Credit +$20.00)
12,20241112,1600.000000000001,100.0,11805.14595,0.0,11805.14595,15400.0,0.0,0.0,15400.0,14884.202197125256,22.00539133866567,0.0,14884.202197125256,2.445043482073963,0.0,22.445043482073963,-40611.35353846392,30306.20758846392,11905.14595,1600.000000000001,20241122,,food (Credit +$20.00)
13,20241113,1600.000000000001,120.0,11805.14595,0.0,11805.14595,15400.0,0.0,0.0,15400.0,14884.202197125256,24.450434820739634,0.0,14884.202197125256,2.445043482073963,0.0,22.445043482073963,-40633.798581945994,30308.652631945995,11925.14595,1600.000000000001,20241122,,food (Credit +$20.00)
14,20241114,1600.000000000001,140.0,11805.14595,0.0,11805.14595,15400.0,0.0,0.0,15400.0,14884.202197125256,26.895478302813597,0.0,14884.202197125256,2.445043482073963,0.0,22.445043482073963,-40656.24362542807,30311.097675428067,11945.14595,1600.000000000001,20241122,,food (Credit +$20.00)
15,20241115,1600.000000000001,160.0,11805.14595,0.0,11805.14595,15400.0,0.0,0.0,15400.0,14884.202197125256,29.34052178488756,0.0,14884.202197125256,2.445043482073963,0.0,22.445043482073963,-40678.688668910145,30313.542718910143,11965.14595,1600.000000000001,20241122,,food (Credit +$20.00)
16,20241116,1600.000000000001,180.0,11805.14595,0.0,11805.14595,15400.0,0.0,0.0,15400.0,14884.202197125256,31.785565266961523,0.0,14884.202197125256,2.445043482073963,0.0,22.445043482073963,-40701.13371239221,30315.987762392215,11985.14595,1600.000000000001,20241122,,food (Credit +$20.00)
17,20241117,1600.000000000001,200.0,11805.14595,0.0,11805.14595,15400.0,0.0,0.0,15400.0,14884.202197125256,34.23060874903549,0.0,14884.202197125256,2.4450434820739666,0.0,22.445043482073967,-40723.57875587429,30318.43280587429,12005.14595,1600.000000000001,20241122,,food (Credit +$20.00)
18,20241118,1600.000000000001,470.0,11805.14595,0.0,11805.14595,15400.0,0.0,0.0,15400.0,14884.202197125256,36.67565223110945,0.0,14884.202197125256,2.445043482073963,0.0,272.44504348207397,-40996.023799356364,30320.877849356362,12275.14595,1600.000000000001,20241122,,phone (Credit +$250.00); food (Credit +$20.00)
19,20241119,1600.000000000001,570.0,11805.14595,0.0,11805.14595,15400.0,0.0,0.0,15400.0,14884.202197125256,39.120695713183416,0.0,14884.202197125256,2.445043482073963,0.0,102.44504348207397,-41098.46884283844,30323.322892838438,12375.14595,1600.000000000001,20241122,,gas (Credit +$80.00); food (Credit +$20.00)
20,20241120,1600.000000000001,685.0,11805.14595,0.0,11805.14595,15400.0,0.0,0.0,15400.0,14884.202197125256,41.56573919525738,0.0,14884.202197125256,2.445043482073963,0.0,117.44504348207397,-41215.913886320515,30325.767936320513,12490.14595,1600.000000000001,20241122,,car insurance (Credit +$95.00); food (Credit +$20.00)
21,20241121,1600.000000000001,705.0,11805.14595,0.0,11805.14595,15400.0,0.0,0.0,15400.0,14884.202197125256,44.01078267733134,0.0,14884.202197125256,2.445043482073963,0.0,22.445043482073963,-41238.35892980258,30328.212979802585,12510.14595,1600.000000000001,20241122,,food (Credit +$20.00)
22,20241122,3200.000000000001,725.0,11805.14595,0.0,11805.14595,15400.0,0.0,0.0,15400.0,14884.202197125256,46.455826159405305,0.0,14884.202197125256,2.445043482073963,1577.554956517926,0.0,-39660.80397328466,30330.65802328466,12530.14595,3200.000000000001,20241206,INCOME (Checking +$1600.00),EMT income (Checking +$1600.00); food (Credit +$20.00)
23,20241123,3200.000000000001,745.0,11805.14595,0.0,11805.14595,15400.0,0.0,0.0,15400.0,14884.202197125256,48.90086964147927,0.0,14884.202197125256,2.445043482073963,0.0,22.445043482073963,-39683.249016766735,30333.103066766733,12550.14595,3200.000000000001,20241206,,food (Credit +$20.00)
24,20241124,3200.000000000001,765.0,11805.14595,0.0,11805.14595,15400.0,0.0,0.0,15400.0,14884.202197125256,51.34591312355323,0.0,14884.202197125256,2.445043482073963,0.0,22.445043482073963,-39705.69406024881,30335.54811024881,12570.14595,3200.000000000001,20241206,,food (Credit +$20.00)
25,20241125,3200.000000000001,785.0,11805.14595,0.0,11805.14595,15400.0,0.0,0.0,15400.0,14884.202197125256,53.790956605627194,0.0,14884.202197125256,2.445043482073963,0.0,22.445043482073963,-39728.13910373088,30337.99315373088,12590.14595,3200.000000000001,20241206,,food (Credit +$20.00)
26,20241126,3200.000000000001,805.0,11805.14595,0.0,11805.14595,15400.0,0.0,0.0,15400.0,14884.202197125256,56.23600008770116,0.0,14884.202197125256,2.445043482073963,0.0,22.445043482073963,-39750.584147212954,30340.438197212956,12610.14595,3200.000000000001,20241206,,food (Credit +$20.00)
27,20241127,3200.000000000001,825.0,11805.14595,0.0,11805.14595,15400.0,0.0,0.0,15400.0,14884.202197125256,58.68104356977512,0.0,14884.202197125256,2.445043482073963,0.0,22.445043482073963,-39773.02919069503,30342.883240695028,12630.14595,3200.000000000001,20241206,,food (Credit +$20.00)
28,20241128,3200.000000000001,845.0,11805.14595,0.0,11805.14595,15400.0,0.0,0.0,15400.0,14884.202197125256,61.12608705184908,0.0,14884.202197125256,2.445043482073963,0.0,22.445043482073963,-39795.474234177105,30345.328284177103,12650.14595,3200.000000000001,20241206,,food (Credit +$20.00)
29,20241129,3200.000000000001,865.0,11805.14595,0.0,11805.14595,15400.0,0.0,0.0,15400.0,14884.202197125256,63.571130533923046,0.0,14884.202197125256,2.445043482073963,0.0,22.445043482073963,-39817.91927765918,30347.77332765918,12670.14595,3200.000000000001,20241206,,food (Credit +$20.00)
30,20241130,3200.000000000001,885.0,11805.14595,0.0,11805.14595,15400.0,0.0,0.0,15400.0,14884.202197125256,66.01617401599701,0.0,14884.202197125256,2.445043482073963,0.0,22.445043482073963,-39840.36432114125,30350.21837114125,12690.14595,3200.000000000001,20241206,,food (Credit +$20.00)
31,20241201,2700.000000000001,1005.0,11805.14595,0.0,11805.14595,14900.0,0.0,0.0,15400.0,14884.202197125256,68.46121749807098,0.0,14884.202197125256,2.44504348207397,0.0,122.44504348207397,-39962.809364623325,29852.663414623326,12810.14595,2700.000000000001,20241206,LOAN MIN PAYMENT (Dad Loan: Principal Balance -$500.00); LOAN MIN PAYMENT (Checking -$500.00),storage unit rent (Credit +$100.00); food (Credit +$20.00)
32,20241202,2700.000000000001,1115.0,11805.14595,0.0,11805.14595,14900.0,0.0,0.0,14900.0,14884.202197125256,70.90626098014495,0.0,14884.202197125256,2.44504348207397,0.0,112.44504348207397,-40075.2544081054,29855.1084581054,12920.14595,2700.000000000001,20241206,,parking (Credit +$50.00); ai daddy (Credit +$20.00); food (Credit +$20.00); hulu (Credit +$20.00)
33,20241203,2476.8100000000013,1215.0,11805.14595,0.0,11805.14595,14900.0,0.0,0.0,14900.0,14734.363501587475,0.0,0.0,14884.202197125256,2.4437390198550446,0.0,102.44373901985504,-40177.699451587476,29634.363501587475,13020.14595,2476.8100000000013,20241206,LOAN MIN PAYMENT (Student Loans: Interest -$73.35); LOAN MIN PAYMENT (Student Loans: Principal Balance -$149.84); LOAN MIN PAYMENT (Checking -$223.19),gas (Credit +$80.00); food (Credit +$20.00)
34,20241204,2476.8100000000013,1235.0,11805.14595,0.0,11805.14595,14900.0,0.0,0.0,14900.0,14734.363501587475,2.4204293226427063,0.0,14734.363501587475,2.4204293226427063,0.0,22.420429322642708,-40200.11988091012,29636.78393091012,13040.14595,2476.8100000000013,20241206,,food (Credit +$20.00)
35,20241205,0.0,1255.0,9328.335949999999,2476.8100000000013,11805.14595,14900.0,0.0,0.0,14900.0,14734.363501587475,4.8408586452854125,0.0,14734.363501587475,2.4204293226427063,0.0,22.420429322642708,-40222.54031023276,29639.20436023276,10583.335949999999,0.0,20241206,ADDTL CC PAYMENT (Checking -$2476.81); ADDTL CC PAYMENT (Credit: Prev Stmt Bal -$2476.81),food (Credit +$20.00)
36,20241206,1600.0,1275.0,9328.335949999999,2476.8100000000013,11805.14595,14900.0,0.0,0.0,14900.0,14734.363501587475,7.261287967928119,0.0,14734.363501587475,2.4204293226427067,1577.5795706773572,0.0,-38644.960739555405,29641.624789555404,10603.335949999999,1600.0,20241220,INCOME (Checking +$1600.00),EMT income (Checking +$1600.00); food (Credit +$20.00)
37,20241207,1600.0,0,10908.528600908749,2476.8100000000013,11805.14595,14900.0,0.0,0.0,14900.0,14734.363501587475,9.681717290570825,0.0,14734.363501587475,287.6104293226427,0.0,307.6104293226427,-38952.5738197868,29644.045218878047,10908.528600908749,1600.0,20241220,CC INTEREST (Credit: Prev Stmt Bal +$285.19); CC MIN PAYMENT ALREADY MADE (Checking -$0.00); CC MIN PAYMENT ALREADY MADE (Credit: Prev Stmt Bal -$0.00),food (Credit +$20.00)
38,20241208,1600.0,20.0,10908.528600908749,0.0,10908.528600908749,14900.0,0.0,0.0,14900.0,14734.363501587475,12.102146613213531,0.0,14734.363501587475,2.420429322642706,0.0,22.420429322642704,-38974.99424910944,29646.46564820069,10928.528600908749,1600.0,20241220,,food (Credit +$20.00)
39,20241209,1600.0,40.0,10908.528600908749,0.0,10908.528600908749,14900.0,0.0,0.0,14900.0,14734.363501587475,14.522575935856237,0.0,14734.363501587475,2.420429322642706,0.0,22.420429322642704,-38997.41467843208,29648.88607752333,10948.528600908749,1600.0,20241220,,food (Credit +$20.00)
40,20241210,1600.0,60.0,10908.528600908749,0.0,10908.528600908749,14900.0,0.0,0.0,14900.0,14734.363501587475,16.943005258498943,0.0,14734.363501587475,2.420429322642706,0.0,22.420429322642704,-39019.83510775472,29651.306506845973,10968.528600908749,1600.0,20241220,,food (Credit +$20.00)
41,20241211,1600.0,80.0,10908.528600908749,0.0,10908.528600908749,14900.0,0.0,0.0,14900.0,14734.363501587475,19.36343458114165,0.0,14734.363501587475,2.4204293226427076,0.0,22.420429322642708,-39042.25553707736,29653.726936168616,10988.528600908749,1600.0,20241220,,food (Credit +$20.00)
42,20241212,1600.0,100.0,10908.528600908749,0.0,10908.528600908749,14900.0,0.0,0.0,14900.0,14734.363501587475,21.783863903784358,0.0,14734.363501587475,2.4204293226427076,0.0,22.420429322642708,-39064.675966400006,29656.14736549126,11008.528600908749,1600.0,20241220,,food (Credit +$20.00)
43,20241213,1600.0,120.0,10908.528600908749,0.0,10908.528600908749,14900.0,0.0,0.0,14900.0,14734.363501587475,24.204293226427065,0.0,14734.363501587475,2.4204293226427076,0.0,22.420429322642708,-39087.09639572265,29658.567794813902,11028.528600908749,1600.0,20241220,,food (Credit +$20.00)
44,20241214,1600.0,140.0,10908.528600908749,0.0,10908.528600908749,14900.0,0.0,0.0,14900.0,14734.363501587475,26.624722549069773,0.0,14734.363501587475,2.4204293226427076,0.0,22.420429322642708,-39109.51682504529,29660.988224136545,11048.528600908749,1600.0,20241220,,food (Credit +$20.00)
45,20241215,1600.0,160.0,10908.528600908749,0.0,10908.528600908749,14900.0,0.0,0.0,14900.0,14734.363501587475,29.04515187171248,0.0,14734.363501587475,2.4204293226427076,0.0,22.420429322642708,-39131.937254367935,29663.408653459188,11068.528600908749,1600.0,20241220,,food (Credit +$20.00)
46,20241216,1600.0,180.0,10908.528600908749,0.0,10908.528600908749,14900.0,0.0,0.0,14900.0,14734.363501587475,31.465581194355188,0.0,14734.363501587475,2.4204293226427076,0.0,22.420429322642708,-39154.35768369058,29665.82908278183,11088.528600908749,1600.0,20241220,,food (Credit +$20.00)
47,20241217,1600.0,280.0,10908.528600908749,0.0,10908.528600908749,14900.0,0.0,0.0,14900.0,14734.363501587475,33.88601051699789,0.0,14734.363501587475,2.420429322642704,0.0,102.4204293226427,-39256.77811301322,29668.249512104474,11188.528600908749,1600.0,20241220,,gas (Credit +$80.00); food (Credit +$20.00)
48,20241218,1600.0,550.0,10908.528600908749,0.0,10908.528600908749,14900.0,0.0,0.0,14900.0,14734.363501587475,36.306439839640596,0.0,14734.363501587475,2.420429322642704,0.0,272.4204293226427,-39529.198542335864,29670.669941427117,11458.528600908749,1600.0,20241220,,phone (Credit +$250.00); food (Credit +$20.00)
49,20241219,1600.0,570.0,10908.528600908749,0.0,10908.528600908749,14900.0,0.0,0.0,14900.0,14734.363501587475,38.7268691622833,0.0,14734.363501587475,2.420429322642704,0.0,22.420429322642704,-39551.61897165851,29673.09037074976,11478.528600908749,1600.0,20241220,,food (Credit +$20.00)
50,20241220,3200.0,685.0,10908.528600908749,0.0,10908.528600908749,14900.0,0.0,0.0,14900.0,14734.363501587475,41.147298484926004,0.0,14734.363501587475,2.420429322642704,1482.5795706773572,0.0,-38069.03940098115,29675.5108000724,11593.528600908749,3200.0,20250103,INCOME (Checking +$1600.00),EMT income (Checking +$1600.00); car insurance (Credit +$95.00); food (Credit +$20.00)
51,20241221,3200.0,705.0,10908.528600908749,0.0,10908.528600908749,14900.0,0.0,0.0,14900.0,14734.363501587475,43.56772780756871,0.0,14734.363501587475,2.420429322642704,0.0,22.420429322642704,-38091.45983030379,29677.931229395042,11613.528600908749,3200.0,20250103,,food (Credit +$20.00)
52,20241222,3200.0,725.0,10908.528600908749,0.0,10908.528600908749,14900.0,0.0,0.0,14900.0,14734.363501587475,45.98815713021141,0.0,14734.363501587475,2.420429322642704,0.0,22.420429322642704,-38113.880259626436,29680.351658717685,11633.528600908749,3200.0,20250103,,food (Credit +$20.00)
53,20241223,3200.0,745.0,10908.528600908749,0.0,10908.528600908749,14900.0,0.0,0.0,14900.0,14734.363501587475,48.40858645285412,0.0,14734.363501587475,2.420429322642704,0.0,22.420429322642704,-38136.30068894908,29682.77208804033,11653.528600908749,3200.0,20250103,,food (Credit +$20.00)
54,20241224,3200.0,765.0,10908.528600908749,0.0,10908.528600908749,14900.0,0.0,0.0,14900.0,14734.363501587475,50.82901577549682,0.0,14734.363501587475,2.420429322642704,0.0,22.420429322642704,-38158.72111827172,29685.19251736297,11673.528600908749,3200.0,20250103,,food (Credit +$20.00)
55,20241225,3200.0,785.0,10908.528600908749,0.0,10908.528600908749,14900.0,0.0,0.0,14900.0,14734.363501587475,53.249445098139525,0.0,14734.363501587475,2.420429322642704,0.0,22.420429322642704,-38181.141547594365,29687.612946685615,11693.528600908749,3200.0,20250103,,food (Credit +$20.00)
56,20241226,3200.0,805.0,10908.528600908749,0.0,10908.528600908749,14900.0,0.0,0.0,14900.0,14734.363501587475,55.66987442078223,0.0,14734.363501587475,2.420429322642704,0.0,22.420429322642704,-38203.56197691701,29690.033376008258,11713.528600908749,3200.0,20250103,,food (Credit +$20.00)
57,20241227,3200.0,825.0,10908.528600908749,0.0,10908.528600908749,14900.0,0.0,0.0,14900.0,14734.363501587475,58.09030374342493,0.0,14734.363501587475,2.420429322642704,0.0,22.420429322642704,-38225.98240623965,29692.4538053309,11733.528600908749,3200.0,20250103,,food (Credit +$20.00)
58,20241228,3200.0,845.0,10908.528600908749,0.0,10908.528600908749,14900.0,0.0,0.0,14900.0,14734.363501587475,60.51073306606764,0.0,14734.363501587475,2.420429322642704,0.0,22.420429322642704,-38248.402835562294,29694.874234653544,11753.528600908749,3200.0,20250103,,food (Credit +$20.00)
59,20241229,3200.0,865.0,10908.528600908749,0.0,10908.528600908749,14900.0,0.0,0.0,14900.0,14734.363501587475,62.93116238871034,0.0,14734.363501587475,2.420429322642704,0.0,22.420429322642704,-38270.82326488494,29697.294663976187,11773.528600908749,3200.0,20250103,,food (Credit +$20.00)
60,20241230,3200.0,885.0,10908.528600908749,0.0,10908.528600908749,14900.0,0.0,0.0,14900.0,14734.363501587475,65.35159171135305,0.0,14734.363501587475,2.420429322642711,0.0,22.42042932264271,-38293.24369420758,29699.71509329883,11793.528600908749,3200.0,20250103,,food (Credit +$20.00)
61,20241231,3200.0,985.0,10908.528600908749,0.0,10908.528600908749,14900.0,0.0,0.0,14900.0,14734.363501587475,67.77202103399576,0.0,14734.363501587475,2.420429322642704,0.0,102.4204293226427,-38395.664123530216,29702.13552262147,11893.528600908749,3200.0,20250103,,gas (Credit +$80.00); food (Credit +$20.00)
62,20250101,2700.0,1105.0,10908.528600908749,0.0,10908.528600908749,14400.0,0.0,0.0,14900.0,14734.363501587475,70.19245035663846,0.0,14734.363501587475,2.420429322642704,0.0,122.4204293226427,-38518.08455285286,29204.555951944112,12013.528600908749,2700.0,20250103,LOAN MIN PAYMENT (Dad Loan: Principal Balance -$500.00); LOAN MIN PAYMENT (Checking -$500.00),storage unit rent (Credit +$100.00); food (Credit +$20.00)
63,20250102,2700.0,1215.0,10908.528600908749,0.0,10908.528600908749,14400.0,0.0,0.0,14400.0,14734.363501587475,72.61287967928116,0.0,14734.363501587475,2.420429322642704,0.0,112.4204293226427,-38630.5049821755,29206.976381266755,12123.528600908749,2700.0,20250103,,parking (Credit +$50.00); ai daddy (Credit +$20.00); food (Credit +$20.00); hulu (Credit +$20.00)
64,20250103,4076.8100000000004,1235.0,10908.528600908749,0.0,10908.528600908749,14400.0,0.0,0.0,14400.0,14586.2068105894,0.0,0.0,14734.363501587475,2.417120320718837,1577.5828796792812,0.0,-37052.925411498145,28986.2068105894,12143.528600908749,4076.8100000000004,20250117,INCOME (Checking +$1600.00); LOAN MIN PAYMENT (Student Loans: Interest -$75.03); LOAN MIN PAYMENT (Student Loans: Principal Balance -$148.16); LOAN MIN PAYMENT (Checking -$223.19),EMT income (Checking +$1600.00); food (Credit +$20.00)
65,20250104,4076.8100000000004,1255.0,10908.528600908749,0.0,10908.528600908749,14400.0,0.0,0.0,14400.0,14586.2068105894,2.396091467858628,0.0,14586.2068105894,2.396091467858628,0.0,22.39609146785863,-37075.321502966006,28988.602902057257,12163.528600908749,4076.8100000000004,20250117,,food (Credit +$20.00)
66,20250105,0.0,1275.0,6831.718600908748,4076.8100000000004,10908.528600908749,14400.0,0.0,0.0,14400.0,14586.2068105894,4.792182935717256,0.0,14586.2068105894,2.396091467858628,0.0,22.39609146785863,-37097.71759443387,28990.998993525118,8106.718600908748,0.0,20250117,ADDTL CC PAYMENT (Checking -$4076.81); ADDTL CC PAYMENT (Credit: Prev Stmt Bal -$4076.81),food (Credit +$20.00)
67,20250106,0.0,1295.0,6831.718600908748,4076.8100000000004,10908.528600908749,14400.0,0.0,0.0,14400.0,14586.2068105894,7.188274403575884,0.0,14586.2068105894,2.3960914678586276,0.0,22.39609146785863,-37120.11368590172,28993.395084992975,8126.718600908748,0.0,20250117,,food (Credit +$20.00)
68,20250107,0.0,0,8410.250471025702,4076.8100000000004,10908.528600908749,14400.0,0.0,0.0,14400.0,14586.2068105894,9.584365871434512,0.0,14586.2068105894,265.9260914678586,0.0,285.9260914678586,-37406.041647486534,28995.791176460833,8410.250471025702,0.0,20250117,CC INTEREST (Credit: Prev Stmt Bal +$263.53); CC MIN PAYMENT ALREADY MADE (Checking -$0.00); CC MIN PAYMENT ALREADY MADE (Credit: Prev Stmt Bal -$0.00),food (Credit +$20.00)
69,20250108,0.0,20.0,8410.250471025702,0.0,8410.250471025702,14400.0,0.0,0.0,14400.0,14586.2068105894,11.98045733929314,0.0,14586.2068105894,2.3960914678586285,0.0,22.39609146785863,-37428.437738954395,28998.187267928693,8430.250471025702,0.0,20250117,,food (Credit +$20.00)
70,20250109,0.0,40.0,8410.250471025702,0.0,8410.250471025702,14400.0,0.0,0.0,14400.0,14586.2068105894,14.376548807151769,0.0,14586.2068105894,2.3960914678586285,0.0,22.39609146785863,-37450.833830422256,29000.58335939655,8450.250471025702,0.0,20250117,,food (Credit +$20.00)
71,20250110,0.0,60.0,8410.250471025702,0.0,8410.250471025702,14400.0,0.0,0.0,14400.0,14586.2068105894,16.772640275010396,0.0,14586.2068105894,2.3960914678586267,0.0,22.396091467858625,-37473.22992189011,29002.979450864408,8470.250471025702,0.0,20250117,,food (Credit +$20.00)
72,20250111,0.0,80.0,8410.250471025702,0.0,8410.250471025702,14400.0,0.0,0.0,14400.0,14586.2068105894,19.168731742869024,0.0,14586.2068105894,2.3960914678586285,0.0,22.39609146785863,-37495.62601335797,29005.37554233227,8490.250471025702,0.0,20250117,,food (Credit +$20.00)
73,20250112,0.0,100.0,8410.250471025702,0.0,8410.250471025702,14400.0,0.0,0.0,14400.0,14586.2068105894,21.564823210727653,0.0,14586.2068105894,2.3960914678586285,0.0,22.39609146785863,-37518.022104825824,29007.771633800126,8510.250471025702,0.0,20250117,,food (Credit +$20.00)
74,20250113,0.0,120.0,8410.250471025702,0.0,8410.250471025702,14400.0,0.0,0.0,14400.0,14586.2068105894,23.96091467858628,0.0,14586.2068105894,2.3960914678586285,0.0,22.39609146785863,-37540.418196293685,29010.167725267987,8530.250471025702,0.0,20250117,,food (Credit +$20.00)
75,20250114,0.0,220.0,8410.250471025702,0.0,8410.250471025702,14400.0,0.0,0.0,14400.0,14586.2068105894,26.35700614644491,0.0,14586.2068105894,2.3960914678586285,0.0,102.39609146785862,-37642.81428776155,29012.563816735845,8630.250471025702,0.0,20250117,,gas (Credit +$80.00); food (Credit +$20.00)
76,20250115,0.0,240.0,8410.250471025702,0.0,8410.250471025702,14400.0,0.0,0.0,14400.0,14586.2068105894,28.753097614303538,0.0,14586.2068105894,2.3960914678586285,0.0,22.39609146785863,-37665.21037922941,29014.959908203702,8650.250471025702,0.0,20250117,,food (Credit +$20.00)
77,20250116,0.0,260.0,8410.250471025702,0.0,8410.250471025702,14400.0,0.0,0.0,14400.0,14586.2068105894,31.149189082162167,0.0,14586.2068105894,2.3960914678586285,0.0,22.39609146785863,-37687.60647069727,29017.355999671563,8670.250471025702,0.0,20250117,,food (Credit +$20.00)
78,20250117,1600.0000000000005,280.0,8410.250471025702,0.0,8410.250471025702,14400.0,0.0,0.0,14400.0,14586.2068105894,33.54528055002079,0.0,14586.2068105894,2.396091467858625,1577.6039085321413,0.0,-36110.00256216512,29019.75209113942,8690.250471025702,1600.0000000000005,20250131,INCOME (Checking +$1600.00),EMT income (Checking +$1600.00); food (Credit +$20.00)
79,20250118,1600.0000000000005,550.0,8410.250471025702,0.0,8410.250471025702,14400.0,0.0,0.0,14400.0,14586.2068105894,35.94137201787942,0.0,14586.2068105894,2.396091467858625,0.0,272.39609146785864,-36382.398653632976,29022.148182607278,8960.250471025702,1600.0000000000005,20250131,,phone (Credit +$250.00); food (Credit +$20.00)
80,20250119,1600.0000000000005,570.0,8410.250471025702,0.0,8410.250471025702,14400.0,0.0,0.0,14400.0,14586.2068105894,38.33746348573804,0.0,14586.2068105894,2.396091467858625,0.0,22.396091467858625,-36404.79474510084,29024.54427407514,8980.250471025702,1600.0000000000005,20250131,,food (Credit +$20.00)
81,20250120,1600.0000000000005,685.0,8410.250471025702,0.0,8410.250471025702,14400.0,0.0,0.0,14400.0,14586.2068105894,40.733554953596666,0.0,14586.2068105894,2.396091467858625,0.0,117.39609146785862,-36522.1908365687,29026.940365542996,9095.250471025702,1600.0000000000005,20250131,,car insurance (Credit +$95.00); food (Credit +$20.00)
82,20250121,1600.0000000000005,705.0,8410.250471025702,0.0,8410.250471025702,14400.0,0.0,0.0,14400.0,14586.2068105894,43.12964642145529,0.0,14586.2068105894,2.396091467858625,0.0,22.396091467858625,-36544.58692803656,29029.336457010853,9115.250471025702,1600.0000000000005,20250131,,food (Credit +$20.00)
83,20250122,1600.0000000000005,725.0,8410.250471025702,0.0,8410.250471025702,14400.0,0.0,0.0,14400.0,14586.2068105894,45.525737889313916,0.0,14586.2068105894,2.396091467858625,0.0,22.396091467858625,-36566.98301950442,29031.732548478714,9135.250471025702,1600.0000000000005,20250131,,food (Credit +$20.00)
84,20250123,1600.0000000000005,745.0,8410.250471025702,0.0,8410.250471025702,14400.0,0.0,0.0,14400.0,14586.2068105894,47.92182935717254,0.0,14586.2068105894,2.396091467858625,0.0,22.396091467858625,-36589.37911097227,29034.12863994657,9155.250471025702,1600.0000000000005,20250131,,food (Credit +$20.00)
85,20250124,1600.0000000000005,765.0,8410.250471025702,0.0,8410.250471025702,14400.0,0.0,0.0,14400.0,14586.2068105894,50.317920825031166,0.0,14586.2068105894,2.396091467858625,0.0,22.396091467858625,-36611.77520244013,29036.52473141443,9175.250471025702,1600.0000000000005,20250131,,food (Credit +$20.00)
86,20250125,1600.0000000000005,785.0,8410.250471025702,0.0,8410.250471025702,14400.0,0.0,0.0,14400.0,14586.2068105894,52.71401229288979,0.0,14586.2068105894,2.396091467858625,0.0,22.396091467858625,-36634.17129390799,29038.92082288229,9195.250471025702,1600.0000000000005,20250131,,food (Credit +$20.00)
87,20250126,1600.0000000000005,805.0,8410.250471025702,0.0,8410.250471025702,14400.0,0.0,0.0,14400.0,14586.2068105894,55.110103760748416,0.0,14586.2068105894,2.396091467858625,0.0,22.396091467858625,-36656.56738537585,29041.316914350147,9215.250471025702,1600.0000000000005,20250131,,food (Credit +$20.00)
88,20250127,1600.0000000000005,825.0,8410.250471025702,0.0,8410.250471025702,14400.0,0.0,0.0,14400.0,14586.2068105894,57.50619522860704,0.0,14586.2068105894,2.396091467858625,0.0,22.396091467858625,-36678.96347684371,29043.71300581801,9235.250471025702,1600.0000000000005,20250131,,food (Credit +$20.00)
89,20250128,1600.0000000000005,925.0,8410.250471025702,0.0,8410.250471025702,14400.0,0.0,0.0,14400.0,14586.2068105894,59.902286696465666,0.0,14586.2068105894,2.396091467858625,0.0,102.39609146785862,-36781.35956831157,29046.109097285866,9335.250471025702,1600.0000000000005,20250131,,gas (Credit +$80.00); food (Credit +$20.00)
90,20250129,1600.0000000000005,945.0,8410.250471025702,0.0,8410.250471025702,14400.0,0.0,0.0,14400.0,14586.2068105894,62.29837816432429,0.0,14586.2068105894,2.396091467858625,0.0,22.396091467858625,-36803.755659779425,29048.505188753723,9355.250471025702,1600.0000000000005,20250131,,food (Credit +$20.00)
91,20250130,1600.0000000000005,965.0,8410.250471025702,0.0,8410.250471025702,14400.0,0.0,0.0,14400.0,14586.2068105894,64.69446963218292,0.0,14586.2068105894,2.396091467858625,0.0,22.396091467858625,-36826.151751247286,29050.901280221584,9375.250471025702,1600.0000000000005,20250131,,food (Credit +$20.00)
92,20250131,3200.0000000000005,985.0,8410.250471025702,0.0,8410.250471025702,14400.0,0.0,0.0,14400.0,14586.2068105894,67.09056110004154,0.0,14586.2068105894,2.396091467858625,1577.6039085321413,0.0,-35248.54784271514,29053.29737168944,9395.250471025702,3200.0000000000005,20250214,INCOME (Checking +$1600.00),EMT income (Checking +$1600.00); food (Credit +$20.00)
93,20250201,2700.0000000000005,1105.0,8410.250471025702,0.0,8410.250471025702,13900.0,0.0,0.0,14400.0,14586.2068105894,69.48665256790017,0.0,14586.2068105894,2.396091467858625,0.0,122.39609146785862,-35370.943934183,28555.6934631573,9515.250471025702,2700.0000000000005,20250214,LOAN MIN PAYMENT (Dad Loan: Principal Balance -$500.00); LOAN MIN PAYMENT (Checking -$500.00),storage unit rent (Credit +$100.00); food (Credit +$20.00)
94,20250202,2700.0000000000005,1215.0,8410.250471025702,0.0,8410.250471025702,13900.0,0.0,0.0,13900.0,14586.2068105894,71.88274403575879,0.0,14586.2068105894,2.396091467858625,0.0,112.39609146785862,-35483.34002565086,28558.08955462516,9625.250471025702,2700.0000000000005,20250214,,parking (Credit +$50.00); ai daddy (Credit +$20.00); food (Credit +$20.00); hulu (Credit +$20.00)
95,20250203,2076.810000000001,1235.0,8410.250471025702,0.0,8410.250471025702,13900.0,0.0,0.0,13900.0,14437.295646093016,0.0,0.0,14586.2068105894,2.397255964241211,0.0,422.3972559642412,-35905.73611711872,28337.295646093015,9645.250471025702,2076.810000000001,20250214,LOAN MIN PAYMENT (Student Loans: Interest -$74.28); LOAN MIN PAYMENT (Student Loans: Principal Balance -$148.91); LOAN MIN PAYMENT (Checking -$223.19),sjcc spring 2025 tuition (Checking -$400.00); food (Credit +$20.00)
96,20250204,2076.810000000001,1255.0,8410.250471025702,0.0,8410.250471025702,13900.0,0.0,0.0,13900.0,14437.295646093016,2.371629674922877,0.0,14437.295646093016,2.371629674922877,0.0,22.37162967492288,-35928.10774679364,28339.667275767937,9665.250471025702,2076.810000000001,20250214,,food (Credit +$20.00)
97,20250205,0.0,1275.0,6333.4404710257,2076.810000000001,8410.250471025702,13900.0,0.0,0.0,13900.0,14437.295646093016,4.743259349845754,0.0,14437.295646093016,2.371629674922877,0.0,22.37162967492288,-35950.47937646856,28342.03890544286,7608.4404710257,0.0,20250214,ADDTL CC PAYMENT (Checking -$2076.81); ADDTL CC PAYMENT (Credit: Prev Stmt Bal -$2076.81),food (Credit +$20.00)
98,20250206,-4.547473508864641e-13,1295.0,6333.4404710257,2076.810000000001,8410.250471025702,13900.0,0.0,0.0,13900.0,14437.295646093016,7.114889024768631,0.0,14437.295646093016,2.371629674922877,0.0,22.37162967492288,-35972.85100614348,28344.410535117782,7628.4404710257,-4.547473508864641e-13,20250214,,food (Credit +$20.00)
99,20250207,-4.547473508864641e-13,0,7851.618105321562,2076.810000000001,8410.250471025702,13900.0,0.0,0.0,13900.0,14437.295646093016,9.486518699691509,0.0,14437.295646093016,205.55162967492288,0.0,225.55162967492288,-36198.40027011427,28346.782164792705,7851.618105321562,-4.547473508864641e-13,20250214,CC INTEREST (Credit: Prev Stmt Bal +$203.18); CC MIN PAYMENT ALREADY MADE (Checking -$0.00); CC MIN PAYMENT ALREADY MADE (Credit: Prev Stmt Bal -$0.00),food (Credit +$20.00)
100,20250208,-4.547473508864641e-13,20.0,7851.618105321562,0.0,7851.618105321562,13900.0,0.0,0.0,13900.0,14437.295646093016,11.858148374614386,0.0,14437.295646093016,2.371629674922877,0.0,22.37162967492288,-36220.77189978919,28349.153794467627,7871.618105321562,-4.547473508864641e-13,20250214,,food (Credit +$20.00)
101,20250209,-4.547473508864641e-13,40.0,7851.618105321562,0.0,7851.618105321562,13900.0,0.0,0.0,13900.0,14437.295646093016,14.229778049537263,0.0,14437.295646093016,2.371629674922877,0.0,22.37162967492288,-36243.14352946411,28351.52542414255,7891.618105321562,-4.547473508864641e-13,20250214,,food (Credit +$20.00)
102,20250210,-4.547473508864641e-13,60.0,7851.618105321562,0.0,7851.618105321562,13900.0,0.0,0.0,13900.0,14437.295646093016,16.601407724460138,0.0,14437.295646093016,2.3716296749228754,0.0,22.371629674922875,-36265.51515913904,28353.897053817476,7911.618105321562,-4.547473508864641e-13,20250214,,food (Credit +$20.00)
103,20250211,-4.547473508864641e-13,160.0,7851.618105321562,0.0,7851.618105321562,13900.0,0.0,0.0,13900.0,14437.295646093016,18.973037399383017,0.0,14437.295646093016,2.371629674922879,0.0,102.37162967492287,-36367.886788813965,28356.2686834924,8011.618105321562,-4.547473508864641e-13,20250214,,gas (Credit +$80.00); food (Credit +$20.00)
104,20250212,-4.547473508864641e-13,180.0,7851.618105321562,0.0,7851.618105321562,13900.0,0.0,0.0,13900.0,14437.295646093016,21.344667074305896,0.0,14437.295646093016,2.371629674922879,0.0,22.37162967492288,-36390.258418488884,28358.64031316732,8031.618105321562,-4.547473508864641e-13,20250214,,food (Credit +$20.00)
105,20250213,-4.547473508864641e-13,200.0,7851.618105321562,0.0,7851.618105321562,13900.0,0.0,0.0,13900.0,14437.295646093016,23.716296749228775,0.0,14437.295646093016,2.371629674922879,0.0,22.37162967492288,-36412.6300481638,28361.011942842244,8051.618105321562,-4.547473508864641e-13,20250214,,food (Credit +$20.00)
106,20250214,1599.9999999999995,220.0,7851.618105321562,0.0,7851.618105321562,13900.0,0.0,0.0,13900.0,14437.295646093016,26.087926424151654,0.0,14437.295646093016,2.371629674922879,1577.6283703250772,0.0,-34835.00167783873,28363.383572517167,8071.618105321562,1599.9999999999995,20250228,INCOME (Checking +$1600.00),EMT income (Checking +$1600.00); food (Credit +$20.00)
107,20250215,1599.9999999999995,240.0,7851.618105321562,0.0,7851.618105321562,13900.0,0.0,0.0,13900.0,14437.295646093016,28.459556099074533,0.0,14437.295646093016,2.371629674922879,0.0,22.37162967492288,-34857.373307513655,28365.75520219209,8091.618105321562,1599.9999999999995,20250228,,food (Credit +$20.00)
108,20250216,1599.9999999999995,260.0,7851.618105321562,0.0,7851.618105321562,13900.0,0.0,0.0,13900.0,14437.295646093016,30.83118577399741,0.0,14437.295646093016,2.371629674922879,0.0,22.37162967492288,-34879.744937188574,28368.12683186701,8111.618105321562,1599.9999999999995,20250228,,food (Credit +$20.00)
109,20250217,1599.9999999999995,280.0,7851.618105321562,0.0,7851.618105321562,13900.0,0.0,0.0,13900.0,14437.295646093016,33.20281544892029,0.0,14437.295646093016,2.371629674922879,0.0,22.37162967492288,-34902.11656686349,28370.498461541934,8131.618105321562,1599.9999999999995,20250228,,food (Credit +$20.00)
110,20250218,1599.9999999999995,550.0,7851.618105321562,0.0,7851.618105321562,13900.0,0.0,0.0,13900.0,14437.295646093016,35.57444512384317,0.0,14437.295646093016,2.371629674922879,0.0,272.3716296749229,-35174.48819653842,28372.870091216857,8401.618105321562,1599.9999999999995,20250228,,phone (Credit +$250.00); food (Credit +$20.00)
111,20250219,1599.9999999999995,570.0,7851.618105321562,0.0,7851.618105321562,13900.0,0.0,0.0,13900.0,14437.295646093016,37.94607479876605,0.0,14437.295646093016,2.371629674922879,0.0,22.37162967492288,-35196.859826213346,28375.24172089178,8421.618105321562,1599.9999999999995,20250228,,food (Credit +$20.00)
112,20250220,1599.9999999999995,685.0,7851.618105321562,0.0,7851.618105321562,13900.0,0.0,0.0,13900.0,14437.295646093016,40.31770447368893,0.0,14437.295646093016,2.371629674922879,0.0,117.37162967492287,-35314.231455888264,28377.613350566702,8536.618105321562,1599.9999999999995,20250228,,car insurance (Credit +$95.00); food (Credit +$20.00)
113,20250221,1599.9999999999995,705.0,7851.618105321562,0.0,7851.618105321562,13900.0,0.0,0.0,13900.0,14437.295646093016,42.689334148611806,0.0,14437.295646093016,2.371629674922879,0.0,22.37162967492288,-35336.60308556318,28379.984980241625,8556.618105321562,1599.9999999999995,20250228,,food (Credit +$20.00)
114,20250222,1599.9999999999995,725.0,7851.618105321562,0.0,7851.618105321562,13900.0,0.0,0.0,13900.0,14437.295646093016,45.060963823534685,0.0,14437.295646093016,2.371629674922879,0.0,22.37162967492288,-35358.97471523812,28382.35660991655,8576.618105321562,1599.9999999999995,20250228,,food (Credit +$20.00)
115,20250223,1599.9999999999995,745.0,7851.618105321562,0.0,7851.618105321562,13900.0,0.0,0.0,13900.0,14437.295646093016,47.432593498457564,0.0,14437.295646093016,2.371629674922879,0.0,22.37162967492288,-35381.346344913036,28384.728239591474,8596.618105321562,1599.9999999999995,20250228,,food (Credit +$20.00)
116,20250224,1599.9999999999995,765.0,7851.618105321562,0.0,7851.618105321562,13900.0,0.0,0.0,13900.0,14437.295646093016,49.80422317338044,0.0,14437.295646093016,2.371629674922879,0.0,22.37162967492288,-35403.717974587955,28387.099869266396,8616.618105321562,1599.9999999999995,20250228,,food (Credit +$20.00)
117,20250225,1599.9999999999995,865.0,7851.618105321562,0.0,7851.618105321562,13900.0,0.0,0.0,13900.0,14437.295646093016,52.17585284830332,0.0,14437.295646093016,2.371629674922879,0.0,102.37162967492287,-35506.08960426288,28389.47149894132,8716.618105321562,1599.9999999999995,20250228,,gas (Credit +$80.00); food (Credit +$20.00)
118,20250226,1599.9999999999995,885.0,7851.618105321562,0.0,7851.618105321562,13900.0,0.0,0.0,13900.0,14437.295646093016,54.5474825232262,0.0,14437.295646093016,2.371629674922879,0.0,22.37162967492288,-35528.46123393781,28391.84312861624,8736.618105321562,1599.9999999999995,20250228,,food (Credit +$20.00)
119,20250227,1599.9999999999995,905.0,7851.618105321562,0.0,7851.618105321562,13900.0,0.0,0.0,13900.0,14437.295646093016,56.91911219814908,0.0,14437.295646093016,2.371629674922879,0.0,22.37162967492288,-35550.832863612726,28394.214758291164,8756.618105321562,1599.9999999999995,20250228,,food (Credit +$20.00)
120,20250228,3200.0,925.0,7851.618105321562,0.0,7851.618105321562,13900.0,0.0,0.0,13900.0,14437.295646093016,59.29074187307196,0.0,14437.295646093016,2.371629674922879,1577.6283703250772,0.0,-33973.204493287645,28396.586387966086,8776.618105321562,3200.0,20250314,INCOME (Checking +$1600.00),EMT income (Checking +$1600.00); food (Credit +$20.00)
121,20250301,2700.0,1045.0,7851.618105321562,0.0,7851.618105321562,13400.0,0.0,0.0,13900.0,14437.295646093016,61.66237154799484,0.0,14437.295646093016,2.371629674922879,0.0,122.37162967492287,-34095.57612296257,27898.95801764101,8896.618105321562,2700.0,20250314,LOAN MIN PAYMENT (Dad Loan: Principal Balance -$500.00); LOAN MIN PAYMENT (Checking -$500.00),storage unit rent (Credit +$100.00); food (Credit +$20.00)
122,20250302,2700.0,1155.0,7851.618105321562,0.0,7851.618105321562,13400.0,0.0,0.0,13400.0,14437.295646093016,64.03400122291771,0.0,14437.295646093016,2.371629674922872,0.0,112.37162967492287,-34207.9477526375,27901.32964731593,9006.618105321562,2700.0,20250314,,parking (Credit +$50.00); ai daddy (Credit +$20.00); food (Credit +$20.00); hulu (Credit +$20.00)
123,20250303,2476.8100000000004,1175.0,7851.618105321562,0.0,7851.618105321562,13400.0,0.0,0.0,13400.0,14280.511276990857,0.0,0.0,14437.295646093016,2.3759987770822875,0.0,22.375998777082287,-34230.31938231242,27680.51127699086,9026.618105321562,2476.8100000000004,20250314,LOAN MIN PAYMENT (Student Loans: Interest -$66.41); LOAN MIN PAYMENT (Student Loans: Principal Balance -$156.78); LOAN MIN PAYMENT (Checking -$223.19),food (Credit +$20.00)
124,20250304,2476.8100000000004,1195.0,7851.618105321562,0.0,7851.618105321562,13400.0,0.0,0.0,13400.0,14280.511276990857,2.345874542421496,0.0,14280.511276990857,2.345874542421496,0.0,22.345874542421495,-34252.66525685484,27682.85715153328,9046.618105321562,2476.8100000000004,20250314,,food (Credit +$20.00)
125,20250305,0.0,1215.0,5374.808105321562,2476.8100000000004,7851.618105321562,13400.0,0.0,0.0,13400.0,14280.511276990857,4.691749084842992,0.0,14280.511276990857,2.345874542421496,0.0,22.345874542421495,-34275.01113139727,27685.203026075702,6589.808105321562,0.0,20250314,ADDTL CC PAYMENT (Checking -$2476.81); ADDTL CC PAYMENT (Credit: Prev Stmt Bal -$2476.81),food (Credit +$20.00)
126,20250306,0.0,1235.0,5374.808105321562,2476.8100000000004,7851.618105321562,13400.0,0.0,0.0,13400.0,14280.511276990857,7.037623627264487,0.0,14280.511276990857,2.3458745424214955,0.0,22.345874542421495,-34297.35700593969,27687.548900618123,6609.808105321562,0.0,20250314,,food (Credit +$20.00)
127,20250307,0.0,0,6819.490112715956,2476.8100000000004,7851.618105321562,13400.0,0.0,0.0,13400.0,14280.511276990857,9.383498169685984,0.0,14280.511276990857,192.0258745424215,0.0,212.0258745424215,-34509.3848878765,27689.894775160545,6819.490112715956,0.0,20250314,CC INTEREST (Credit: Prev Stmt Bal +$189.68); CC MIN PAYMENT ALREADY MADE (Checking -$0.00); CC MIN PAYMENT ALREADY MADE (Credit: Prev Stmt Bal -$0.00),food (Credit +$20.00)
128,20250308,0.0,20.0,6819.490112715956,0.0,6819.490112715956,13400.0,0.0,0.0,13400.0,14280.511276990857,11.72937271210748,0.0,14280.511276990857,2.3458745424214964,0.0,22.345874542421498,-34531.73076241892,27692.240649702966,6839.490112715956,0.0,20250314,,food (Credit +$20.00)
129,20250309,0.0,40.0,6819.490112715956,0.0,6819.490112715956,13400.0,0.0,0.0,13400.0,14280.511276990857,14.075247254528977,0.0,14280.511276990857,2.3458745424214964,0.0,22.345874542421498,-34554.07663696134,27694.586524245387,6859.490112715956,0.0,20250314,,food (Credit +$20.00)
130,20250310,0.0,60.0,6819.490112715956,0.0,6819.490112715956,13400.0,0.0,0.0,13400.0,14280.511276990857,16.421121796950473,0.0,14280.511276990857,2.3458745424214964,0.0,22.345874542421498,-34576.42251150376,27696.93239878781,6879.490112715956,0.0,20250314,,food (Credit +$20.00)
131,20250311,0.0,160.0,6819.490112715956,0.0,6819.490112715956,13400.0,0.0,0.0,13400.0,14280.511276990857,18.766996339371968,0.0,14280.511276990857,2.3458745424214946,0.0,102.3458745424215,-34678.768386046184,27699.27827333023,6979.490112715956,0.0,20250314,,gas (Credit +$80.00); food (Credit +$20.00)
132,20250312,0.0,180.0,6819.490112715956,0.0,6819.490112715956,13400.0,0.0,0.0,13400.0,14280.511276990857,21.112870881793462,0.0,14280.511276990857,2.3458745424214946,0.0,22.345874542421495,-34701.114260588605,27701.62414787265,6999.490112715956,0.0,20250314,,food (Credit +$20.00)
133,20250313,0.0,200.0,6819.490112715956,0.0,6819.490112715956,13400.0,0.0,0.0,13400.0,14280.511276990857,23.458745424214957,0.0,14280.511276990857,2.3458745424214946,0.0,22.345874542421495,-34723.46013513103,27703.970022415073,7019.490112715956,0.0,20250314,,food (Credit +$20.00)
134,20250314,1600.0,220.0,6819.490112715956,0.0,6819.490112715956,13400.0,0.0,0.0,13400.0,14280.511276990857,25.80461996663645,0.0,14280.511276990857,2.3458745424214946,1577.6541254575784,0.0,-33145.80600967345,27706.315896957494,7039.490112715956,1600.0,20250328,INCOME (Checking +$1600.00),EMT income (Checking +$1600.00); food (Credit +$20.00)
135,20250315,1600.0,240.0,6819.490112715956,0.0,6819.490112715956,13400.0,0.0,0.0,13400.0,14280.511276990857,28.150494509057946,0.0,14280.511276990857,2.3458745424214946,0.0,22.345874542421495,-33168.15188421587,27708.661771499916,7059.490112715956,1600.0,20250328,,food (Credit +$20.00)
136,20250316,1600.0,260.0,6819.490112715956,0.0,6819.490112715956,13400.0,0.0,0.0,13400.0,14280.511276990857,30.49636905147944,0.0,14280.511276990857,2.3458745424214946,0.0,22.345874542421495,-33190.49775875829,27711.007646042337,7079.490112715956,1600.0,20250328,,food (Credit +$20.00)
137,20250317,1600.0,280.0,6819.490112715956,0.0,6819.490112715956,13400.0,0.0,0.0,13400.0,14280.511276990857,32.84224359390094,0.0,14280.511276990857,2.345874542421498,0.0,22.345874542421498,-33212.84363330071,27713.35352058476,7099.490112715956,1600.0,20250328,,food (Credit +$20.00)
138,20250318,1600.0,550.0,6819.490112715956,0.0,6819.490112715956,13400.0,0.0,0.0,13400.0,14280.511276990857,35.18811813632244,0.0,14280.511276990857,2.345874542421498,0.0,272.3458745424215,-33485.18950784314,27715.699395127183,7369.490112715956,1600.0,20250328,,phone (Credit +$250.00); food (Credit +$20.00)
139,20250319,1600.0,570.0,6819.490112715956,0.0,6819.490112715956,13400.0,0.0,0.0,13400.0,14280.511276990857,37.533992678743935,0.0,14280.511276990857,2.345874542421498,0.0,22.345874542421498,-33507.53538238556,27718.045269669605,7389.490112715956,1600.0,20250328,,food (Credit +$20.00)
140,20250320,1600.0,685.0,6819.490112715956,0.0,6819.490112715956,13400.0,0.0,0.0,13400.0,14280.511276990857,39.87986722116543,0.0,14280.511276990857,2.345874542421498,0.0,117.3458745424215,-33624.88125692798,27720.391144212026,7504.490112715956,1600.0,20250328,,car insurance (Credit +$95.00); food (Credit +$20.00)
141,20250321,1600.0,705.0,6819.490112715956,0.0,6819.490112715956,13400.0,0.0,0.0,13400.0,14280.511276990857,42.22574176358693,0.0,14280.511276990857,2.345874542421498,0.0,22.345874542421498,-33647.227131470405,27722.737018754447,7524.490112715956,1600.0,20250328,,food (Credit +$20.00)
142,20250322,1600.0,725.0,6819.490112715956,0.0,6819.490112715956,13400.0,0.0,0.0,13400.0,14280.511276990857,44.57161630600843,0.0,14280.511276990857,2.345874542421498,0.0,22.345874542421498,-33669.573006012826,27725.08289329687,7544.490112715956,1600.0,20250328,,food (Credit +$20.00)
143,20250323,1600.0,745.0,6819.490112715956,0.0,6819.490112715956,13400.0,0.0,0.0,13400.0,14280.511276990857,46.91749084842993,0.0,14280.511276990857,2.345874542421498,0.0,22.345874542421498,-33691.91888055525,27727.42876783929,7564.490112715956,1600.0,20250328,,food (Credit +$20.00)
144,20250324,1600.0,765.0,6819.490112715956,0.0,6819.490112715956,13400.0,0.0,0.0,13400.0,14280.511276990857,49.263365390851426,0.0,14280.511276990857,2.345874542421498,0.0,22.345874542421498,-33714.26475509767,27729.77464238171,7584.490112715956,1600.0,20250328,,food (Credit +$20.00)
145,20250325,1600.0,865.0,6819.490112715956,0.0,6819.490112715956,13400.0,0.0,0.0,13400.0,14280.511276990857,51.609239933272924,0.0,14280.511276990857,2.345874542421498,0.0,102.3458745424215,-33816.61062964009,27732.120516924133,7684.490112715956,1600.0,20250328,,gas (Credit +$80.00); food (Credit +$20.00)
146,20250326,1600.0,885.0,6819.490112715956,0.0,6819.490112715956,13400.0,0.0,0.0,13400.0,14280.511276990857,53.95511447569442,0.0,14280.511276990857,2.345874542421498,0.0,22.345874542421498,-33838.95650418251,27734.466391466554,7704.490112715956,1600.0,20250328,,food (Credit +$20.00)
147,20250327,1600.0,905.0,6819.490112715956,0.0,6819.490112715956,13400.0,0.0,0.0,13400.0,14280.511276990857,56.30098901811592,0.0,14280.511276990857,2.345874542421498,0.0,22.345874542421498,-33861.30237872493,27736.812266008976,7724.490112715956,1600.0,20250328,,food (Credit +$20.00)
148,20250328,3200.0,925.0,6819.490112715956,0.0,6819.490112715956,13400.0,0.0,0.0,13400.0,14280.511276990857,58.64686356053742,0.0,14280.511276990857,2.345874542421498,1577.6541254575784,0.0,-32283.648253267354,27739.158140551397,7744.490112715956,3200.0,20250411,INCOME (Checking +$1600.00),EMT income (Checking +$1600.00); food (Credit +$20.00)
149,20250329,3200.0,945.0,6819.490112715956,0.0,6819.490112715956,13400.0,0.0,0.0,13400.0,14280.511276990857,60.99273810295892,0.0,14280.511276990857,2.345874542421498,0.0,22.345874542421498,-32305.994127809776,27741.50401509382,7764.490112715956,3200.0,20250411,,food (Credit +$20.00)
150,20250330,3200.0,965.0,6819.490112715956,0.0,6819.490112715956,13400.0,0.0,0.0,13400.0,14280.511276990857,63.338612645380415,0.0,14280.511276990857,2.345874542421498,0.0,22.345874542421498,-32328.340002352197,27743.84988963624,7784.490112715956,3200.0,20250411,,food (Credit +$20.00)
151,20250331,3200.0,985.0,6819.490112715956,0.0,6819.490112715956,13400.0,0.0,0.0,13400.0,14280.511276990857,65.6844871878019,0.0,14280.511276990857,2.345874542421491,0.0,22.34587454242149,-32350.68587689462,27746.19576417866,7804.490112715956,3200.0,20250411,,food (Credit +$20.00)
152,20250401,2700.0,1105.0,6819.490112715956,0.0,6819.490112715956,12900.0,0.0,0.0,13400.0,14280.511276990857,68.0303617302234,0.0,14280.511276990857,2.345874542421498,0.0,122.3458745424215,-32473.03175143704,27248.541638721083,7924.490112715956,2700.0,20250411,LOAN MIN PAYMENT (Dad Loan: Principal Balance -$500.00); LOAN MIN PAYMENT (Checking -$500.00),storage unit rent (Credit +$100.00); food (Credit +$20.00)
153,20250402,2700.0,1215.0,6819.490112715956,0.0,6819.490112715956,12900.0,0.0,0.0,12900.0,14280.511276990857,70.3762362726449,0.0,14280.511276990857,2.345874542421498,0.0,112.3458745424215,-32585.37762597946,27250.887513263504,8034.490112715956,2700.0,20250411,,parking (Credit +$50.00); ai daddy (Credit +$20.00); food (Credit +$20.00); hulu (Credit +$20.00)
154,20250403,2476.8100000000004,1235.0,6819.490112715956,0.0,6819.490112715956,12900.0,0.0,0.0,12900.0,14130.043387805923,0.0,0.0,14280.511276990857,2.343763727355096,0.0,22.343763727355096,-32607.723500521875,27030.043387805923,8054.490112715956,2476.8100000000004,20250411,LOAN MIN PAYMENT (Student Loans: Interest -$72.72); LOAN MIN PAYMENT (Student Loans: Principal Balance -$150.47); LOAN MIN PAYMENT (Checking -$223.19),food (Credit +$20.00)
155,20250404,2476.8100000000004,1255.0,6819.490112715956,0.0,6819.490112715956,12900.0,0.0,0.0,12900.0,14130.043387805923,2.321157024690911,0.0,14130.043387805923,2.321157024690911,0.0,22.321157024690912,-32630.04465754657,27032.364544830612,8074.490112715956,2476.8100000000004,20250411,,food (Credit +$20.00)
156,20250405,4.547473508864641e-13,1275.0,4342.680112715956,2476.81,6819.490112715956,12900.0,0.0,0.0,12900.0,14130.043387805923,4.642314049381822,0.0,14130.043387805923,2.321157024690911,0.0,22.321157024690912,-32652.36581457126,27034.685701855306,5617.680112715956,4.547473508864641e-13,20250411,ADDTL CC PAYMENT (Checking -$2476.81); ADDTL CC PAYMENT (Credit: Prev Stmt Bal -$2476.81),food (Credit +$20.00)
157,20250406,9.094947017729282e-13,1295.0,4342.680112715956,2476.81,6819.490112715956,12900.0,0.0,0.0,12900.0,14130.043387805923,6.963471074072733,0.0,14130.043387805923,2.321157024690911,0.0,22.321157024690912,-32674.68697159595,27037.006858879995,5637.680112715956,9.094947017729282e-13,20250411,,food (Credit +$20.00)
158,20250407,9.094947017729282e-13,0,5822.4276280223185,2476.81,6819.490112715956,12900.0,0.0,0.0,12900.0,14130.043387805923,9.284628098763644,0.0,14130.043387805923,167.0711570246909,0.0,187.0711570246909,-32861.755643927005,27039.328015904688,5822.4276280223185,9.094947017729282e-13,20250411,CC INTEREST (Credit: Prev Stmt Bal +$164.75); CC MIN PAYMENT ALREADY MADE (Checking -$0.00); CC MIN PAYMENT ALREADY MADE (Credit: Prev Stmt Bal -$0.00),food (Credit +$20.00)
159,20250408,9.094947017729282e-13,100.0,5822.4276280223185,0.0,5822.4276280223185,12900.0,0.0,0.0,12900.0,14130.043387805923,11.605785123454556,0.0,14130.043387805923,2.321157024690912,0.0,102.3211570246909,-32964.0768009517,27041.649172929378,5922.4276280223185,9.094947017729282e-13,20250411,,gas (Credit +$80.00); food (Credit +$20.00)
160,20250409,9.094947017729282e-13,120.0,5822.4276280223185,0.0,5822.4276280223185,12900.0,0.0,0.0,12900.0,14130.043387805923,13.926942148145468,0.0,14130.043387805923,2.321157024690912,0.0,22.321157024690912,-32986.39795797638,27043.970329954067,5942.4276280223185,9.094947017729282e-13,20250411,,food (Credit +$20.00)
161,20250410,9.094947017729282e-13,140.0,5822.4276280223185,0.0,5822.4276280223185,12900.0,0.0,0.0,12900.0,14130.043387805923,16.24809917283638,0.0,14130.043387805923,2.321157024690912,0.0,22.321157024690912,-33008.71911500108,27046.29148697876,5962.4276280223185,9.094947017729282e-13,20250411,,food (Credit +$20.00)
162,20250411,1600.000000000001,160.0,5822.4276280223185,0.0,5822.4276280223185,12900.0,0.0,0.0,12900.0,14130.043387805923,18.56925619752729,0.0,14130.043387805923,2.321157024690912,1577.6788429753092,0.0,-31431.04027202577,27048.61264400345,5982.4276280223185,1600.000000000001,20250425,INCOME (Checking +$1600.00),EMT income (Checking +$1600.00); food (Credit +$20.00)
163,20250412,1600.000000000001,180.0,5822.4276280223185,0.0,5822.4276280223185,12900.0,0.0,0.0,12900.0,14130.043387805923,20.890413222218204,0.0,14130.043387805923,2.321157024690912,0.0,22.321157024690912,-31453.361429050463,27050.933801028143,6002.4276280223185,1600.000000000001,20250425,,food (Credit +$20.00)
164,20250413,1600.000000000001,200.0,5822.4276280223185,0.0,5822.4276280223185,12900.0,0.0,0.0,12900.0,14130.043387805923,23.211570246909115,0.0,14130.043387805923,2.321157024690912,0.0,22.321157024690912,-31475.68258607515,27053.254958052832,6022.4276280223185,1600.000000000001,20250425,,food (Credit +$20.00)
165,20250414,1600.000000000001,220.0,5822.4276280223185,0.0,5822.4276280223185,12900.0,0.0,0.0,12900.0,14130.043387805923,25.532727271600027,0.0,14130.043387805923,2.321157024690912,0.0,22.321157024690912,-31498.00374309984,27055.57611507752,6042.4276280223185,1600.000000000001,20250425,,food (Credit +$20.00)
166,20250415,1600.000000000001,240.0,5822.4276280223185,0.0,5822.4276280223185,12900.0,0.0,0.0,12900.0,14130.043387805923,27.85388429629094,0.0,14130.043387805923,2.321157024690912,0.0,22.321157024690912,-31520.324900124535,27057.897272102215,6062.4276280223185,1600.000000000001,20250425,,food (Credit +$20.00)
167,20250416,1600.000000000001,260.0,5822.4276280223185,0.0,5822.4276280223185,12900.0,0.0,0.0,12900.0,14130.043387805923,30.17504132098185,0.0,14130.043387805923,2.321157024690912,0.0,22.321157024690912,-31542.64605714922,27060.218429126904,6082.4276280223185,1600.000000000001,20250425,,food (Credit +$20.00)
168,20250417,1600.000000000001,280.0,5822.4276280223185,0.0,5822.4276280223185,12900.0,0.0,0.0,12900.0,14130.043387805923,32.49619834567276,0.0,14130.043387805923,2.3211570246909083,0.0,22.32115702469091,-31564.967214173914,27062.539586151597,6102.4276280223185,1600.000000000001,20250425,,food (Credit +$20.00)
169,20250418,1600.000000000001,550.0,5822.4276280223185,0.0,5822.4276280223185,12900.0,0.0,0.0,12900.0,14130.043387805923,34.81735537036367,0.0,14130.043387805923,2.321157024690912,0.0,272.32115702469093,-31837.288371198607,27064.860743176287,6372.4276280223185,1600.000000000001,20250425,,phone (Credit +$250.00); food (Credit +$20.00)
170,20250419,1600.000000000001,570.0,5822.4276280223185,0.0,5822.4276280223185,12900.0,0.0,0.0,12900.0,14130.043387805923,37.13851239505458,0.0,14130.043387805923,2.321157024690912,0.0,22.321157024690912,-31859.609528223293,27067.181900200976,6392.4276280223185,1600.000000000001,20250425,,food (Credit +$20.00)
171,20250420,1600.000000000001,685.0,5822.4276280223185,0.0,5822.4276280223185,12900.0,0.0,0.0,12900.0,14130.043387805923,39.459669419745495,0.0,14130.043387805923,2.321157024690912,0.0,117.3211570246909,-31976.930685247986,27069.50305722567,6507.4276280223185,1600.000000000001,20250425,,car insurance (Credit +$95.00); food (Credit +$20.00)
172,20250421,1600.000000000001,705.0,5822.4276280223185,0.0,5822.4276280223185,12900.0,0.0,0.0,12900.0,14130.043387805923,41.78082644443641,0.0,14130.043387805923,2.321157024690912,0.0,22.321157024690912,-31999.25184227268,27071.82421425036,6527.4276280223185,1600.000000000001,20250425,,food (Credit +$20.00)
173,20250422,1600.000000000001,805.0,5822.4276280223185,0.0,5822.4276280223185,12900.0,0.0,0.0,12900.0,14130.043387805923,44.10198346912732,0.0,14130.043387805923,2.321157024690912,0.0,102.3211570246909,-32101.572999297372,27074.14537127505,6627.4276280223185,1600.000000000001,20250425,,gas (Credit +$80.00); food (Credit +$20.00)
174,20250423,1600.000000000001,825.0,5822.4276280223185,0.0,5822.4276280223185,12900.0,0.0,0.0,12900.0,14130.043387805923,46.42314049381823,0.0,14130.043387805923,2.321157024690912,0.0,22.321157024690912,-32123.894156322058,27076.46652829974,6647.4276280223185,1600.000000000001,20250425,,food (Credit +$20.00)
175,20250424,1600.000000000001,845.0,5822.4276280223185,0.0,5822.4276280223185,12900.0,0.0,0.0,12900.0,14130.043387805923,48.74429751850914,0.0,14130.043387805923,2.321157024690912,0.0,22.321157024690912,-32146.21531334675,27078.78768532443,6667.4276280223185,1600.000000000001,20250425,,food (Credit +$20.00)
176,20250425,3200.000000000001,865.0,5822.4276280223185,0.0,5822.4276280223185,12900.0,0.0,0.0,12900.0,14130.043387805923,51.065454543200055,0.0,14130.043387805923,2.321157024690912,1577.6788429753092,0.0,-30568.536470371444,27081.108842349124,6687.4276280223185,3200.000000000001,20250509,INCOME (Checking +$1600.00),EMT income (Checking +$1600.00); food (Credit +$20.00)
177,20250426,3200.000000000001,885.0,5822.4276280223185,0.0,5822.4276280223185,12900.0,0.0,0.0,12900.0,14130.043387805923,53.38661156789097,0.0,14130.043387805923,2.321157024690912,0.0,22.321157024690912,-30590.85762739613,27083.429999373813,6707.4276280223185,3200.000000000001,20250509,,food (Credit +$20.00)
178,20250427,3200.000000000001,905.0,5822.4276280223185,0.0,5822.4276280223185,12900.0,0.0,0.0,12900.0,14130.043387805923,55.70776859258188,0.0,14130.043387805923,2.321157024690912,0.0,22.321157024690912,-30613.178784420823,27085.751156398506,6727.4276280223185,3200.000000000001,20250509,,food (Credit +$20.00)
179,20250428,3200.000000000001,925.0,5822.4276280223185,0.0,5822.4276280223185,12900.0,0.0,0.0,12900.0,14130.043387805923,58.02892561727279,0.0,14130.043387805923,2.321157024690912,0.0,22.321157024690912,-30635.499941445516,27088.072313423196,6747.4276280223185,3200.000000000001,20250509,,food (Credit +$20.00)
180,20250429,3200.000000000001,945.0,5822.4276280223185,0.0,5822.4276280223185,12900.0,0.0,0.0,12900.0,14130.043387805923,60.3500826419637,0.0,14130.043387805923,2.321157024690912,0.0,22.321157024690912,-30657.821098470202,27090.393470447885,6767.4276280223185,3200.000000000001,20250509,,food (Credit +$20.00)
181,20250430,3200.000000000001,965.0,5822.4276280223185,0.0,5822.4276280223185,12900.0,0.0,0.0,12900.0,14130.043387805923,62.671239666654614,0.0,14130.043387805923,2.321157024690912,0.0,22.321157024690912,-30680.142255494895,27092.71462747258,6787.4276280223185,3200.000000000001,20250509,,food (Credit +$20.00)
182,20250501,2700.000000000001,1085.0,5822.4276280223185,0.0,5822.4276280223185,12400.0,0.0,0.0,12900.0,14130.043387805923,64.99239669134552,0.0,14130.043387805923,2.321157024690905,0.0,122.3211570246909,-30802.463412519588,26595.035784497268,6907.4276280223185,2700.000000000001,20250509,LOAN MIN PAYMENT (Dad Loan: Principal Balance -$500.00); LOAN MIN PAYMENT (Checking -$500.00),storage unit rent (Credit +$100.00); food (Credit +$20.00)
183,20250502,2700.000000000001,1195.0,5822.4276280223185,0.0,5822.4276280223185,12400.0,0.0,0.0,12400.0,14130.043387805923,67.31355371603642,0.0,14130.043387805923,2.321157024690905,0.0,112.3211570246909,-30914.78456954428,26597.35694152196,7017.4276280223185,2700.000000000001,20250509,,parking (Credit +$50.00); ai daddy (Credit +$20.00); food (Credit +$20.00); hulu (Credit +$20.00)
184,20250503,2476.8100000000013,1215.0,5822.4276280223185,0.0,5822.4276280223185,12400.0,0.0,0.0,12400.0,13976.48809854665,0.0,0.0,14130.043387805923,2.3164462839635718,0.0,22.31644628396357,-30937.105726568967,26376.48809854665,7037.4276280223185,2476.8100000000013,20250509,LOAN MIN PAYMENT (Student Loans: Interest -$69.63); LOAN MIN PAYMENT (Student Loans: Principal Balance -$153.56); LOAN MIN PAYMENT (Checking -$223.19),food (Credit +$20.00)
185,20250504,2476.8100000000013,1235.0,5822.4276280223185,0.0,5822.4276280223185,12400.0,0.0,0.0,12400.0,13976.48809854665,2.2959323365169033,0.0,13976.48809854665,2.2959323365169033,0.0,22.295932336516902,-30959.40165890548,26378.78403088317,7057.4276280223185,2476.8100000000013,20250509,,food (Credit +$20.00)
186,20250505,0.0,1255.0,3345.617628022317,2476.8100000000013,5822.4276280223185,12400.0,0.0,0.0,12400.0,13976.48809854665,4.591864673033807,0.0,13976.48809854665,2.2959323365169033,0.0,22.295932336516902,-30981.697591242002,26381.079963219687,4600.617628022317,0.0,20250509,ADDTL CC PAYMENT (Checking -$2476.81); ADDTL CC PAYMENT (Credit: Prev Stmt Bal -$2476.81),food (Credit +$20.00)
187,20250506,0.0,1355.0,3345.617628022317,2476.8100000000013,5822.4276280223185,12400.0,0.0,0.0,12400.0,13976.48809854665,6.8877970095507095,0.0,13976.48809854665,2.295932336516903,0.0,102.2959323365169,-31083.993523578516,26383.3758955562,4700.617628022317,0.0,20250509,,gas (Credit +$80.00); food (Credit +$20.00)
188,20250507,0.0,0,4861.277775469289,2476.8100000000013,5822.4276280223185,12400.0,0.0,0.0,12400.0,13976.48809854665,9.183729346067613,0.0,13976.48809854665,142.9559323365169,0.0,162.9559323365169,-31246.94960336201,26385.67182789272,4861.277775469289,0.0,20250509,CC INTEREST (Credit: Prev Stmt Bal +$140.66); CC MIN PAYMENT ALREADY MADE (Checking -$0.00); CC MIN PAYMENT ALREADY MADE (Credit: Prev Stmt Bal -$0.00),food (Credit +$20.00)
189,20250508,0.0,20.0,4861.277775469289,0.0,4861.277775469289,12400.0,0.0,0.0,12400.0,13976.48809854665,11.479661682584517,0.0,13976.48809854665,2.2959323365169038,0.0,22.295932336516906,-31269.245535698523,26387.967760229236,4881.277775469289,0.0,20250509,,food (Credit +$20.00)
190,20250509,1600.0,40.0,4861.277775469289,0.0,4861.277775469289,12400.0,0.0,0.0,12400.0,13976.48809854665,13.77559401910142,0.0,13976.48809854665,2.2959323365169038,1577.704067663483,0.0,-29691.541468035044,26390.263692565753,4901.277775469289,1600.0,20250523,INCOME (Checking +$1600.00),EMT income (Checking +$1600.00); food (Credit +$20.00)
191,20250510,1600.0,60.0,4861.277775469289,0.0,4861.277775469289,12400.0,0.0,0.0,12400.0,13976.48809854665,16.071526355618325,0.0,13976.48809854665,2.2959323365169038,0.0,22.295932336516906,-29713.837400371558,26392.55962490227,4921.277775469289,1600.0,20250523,,food (Credit +$20.00)
192,20250511,1600.0,80.0,4861.277775469289,0.0,4861.277775469289,12400.0,0.0,0.0,12400.0,13976.48809854665,18.367458692135227,0.0,13976.48809854665,2.295932336516902,0.0,22.295932336516902,-29736.13333270808,26394.85555723879,4941.277775469289,1600.0,20250523,,food (Credit +$20.00)
193,20250512,1600.0,100.0,4861.277775469289,0.0,4861.277775469289,12400.0,0.0,0.0,12400.0,13976.48809854665,20.66339102865213,0.0,13976.48809854665,2.295932336516902,0.0,22.295932336516902,-29758.429265044593,26397.151489575303,4961.277775469289,1600.0,20250523,,food (Credit +$20.00)
194,20250513,1600.0,120.0,4861.277775469289,0.0,4861.277775469289,12400.0,0.0,0.0,12400.0,13976.48809854665,22.95932336516903,0.0,13976.48809854665,2.295932336516902,0.0,22.295932336516902,-29780.725197381107,26399.44742191182,4981.277775469289,1600.0,20250523,,food (Credit +$20.00)
195,20250514,1600.0,140.0,4861.277775469289,0.0,4861.277775469289,12400.0,0.0,0.0,12400.0,13976.48809854665,25.255255701685932,0.0,13976.48809854665,2.295932336516902,0.0,22.295932336516902,-29803.02112971763,26401.743354248338,5001.277775469289,1600.0,20250523,,food (Credit +$20.00)
196,20250515,1600.0,160.0,4861.277775469289,0.0,4861.277775469289,12400.0,0.0,0.0,12400.0,13976.48809854665,27.551188038202834,0.0,13976.48809854665,2.295932336516902,0.0,22.295932336516902,-29825.317062054142,26404.039286584855,5021.277775469289,1600.0,20250523,,food (Credit +$20.00)
197,20250516,1600.0,180.0,4861.277775469289,0.0,4861.277775469289,12400.0,0.0,0.0,12400.0,13976.48809854665,29.847120374719736,0.0,13976.48809854665,2.295932336516902,0.0,22.295932336516902,-29847.612994390664,26406.335218921373,5041.277775469289,1600.0,20250523,,food (Credit +$20.00)
198,20250517,1600.0,200.0,4861.277775469289,0.0,4861.277775469289,12400.0,0.0,0.0,12400.0,13976.48809854665,32.14305271123664,0.0,13976.48809854665,2.2959323365169055,0.0,22.295932336516906,-29869.908926727177,26408.631151257887,5061.277775469289,1600.0,20250523,,food (Credit +$20.00)
199,20250518,1600.0,470.0,4861.277775469289,0.0,4861.277775469289,12400.0,0.0,0.0,12400.0,13976.48809854665,34.43898504775355,0.0,13976.48809854665,2.2959323365169055,0.0,272.2959323365169,-30142.20485906369,26410.927083594404,5331.277775469289,1600.0,20250523,,phone (Credit +$250.00); food (Credit +$20.00)
200,20250519,1600.0,490.0,4861.277775469289,0.0,4861.277775469289,12400.0,0.0,0.0,12400.0,13976.48809854665,36.73491738427045,0.0,13976.48809854665,2.2959323365169055,0.0,22.295932336516906,-30164.500791400213,26413.223015930922,5351.277775469289,1600.0,20250523,,food (Credit +$20.00)
201,20250520,1600.0,685.0,4861.277775469289,0.0,4861.277775469289,12400.0,0.0,0.0,12400.0,13976.48809854665,39.03084972078736,0.0,13976.48809854665,2.2959323365169055,0.0,197.2959323365169,-30361.796723736727,26415.51894826744,5546.277775469289,1600.0,20250523,,car insurance (Credit +$95.00); gas (Credit +$80.00); food (Credit +$20.00)
202,20250521,1600.0,705.0,4861.277775469289,0.0,4861.277775469289,12400.0,0.0,0.0,12400.0,13976.48809854665,41.326782057304264,0.0,13976.48809854665,2.2959323365169055,0.0,22.295932336516906,-30384.092656073248,26417.814880603957,5566.277775469289,1600.0,20250523,,food (Credit +$20.00)
203,20250522,1600.0,725.0,4861.277775469289,0.0,4861.277775469289,12400.0,0.0,0.0,12400.0,13976.48809854665,43.62271439382117,0.0,13976.48809854665,2.2959323365169055,0.0,22.295932336516906,-30406.38858840976,26420.11081294047,5586.277775469289,1600.0,20250523,,food (Credit +$20.00)
204,20250523,3200.0000000000005,745.0,4861.277775469289,0.0,4861.277775469289,12400.0,0.0,0.0,12400.0,13976.48809854665,45.918646730338075,0.0,13976.48809854665,2.2959323365169055,1577.704067663483,0.0,-28828.684520746276,26422.40674527699,5606.277775469289,3200.0000000000005,20250606,INCOME (Checking +$1600.00),EMT income (Checking +$1600.00); food (Credit +$20.00)
205,20250524,3200.0000000000005,765.0,4861.277775469289,0.0,4861.277775469289,12400.0,0.0,0.0,12400.0,13976.48809854665,48.21457906685498,0.0,13976.48809854665,2.2959323365169055,0.0,22.295932336516906,-28850.980453082797,26424.702677613506,5626.277775469289,3200.0000000000005,20250606,,food (Credit +$20.00)
206,20250525,3200.0000000000005,785.0,4861.277775469289,0.0,4861.277775469289,12400.0,0.0,0.0,12400.0,13976.48809854665,50.510511403371886,0.0,13976.48809854665,2.2959323365169055,0.0,22.295932336516906,-28873.27638541931,26426.998609950024,5646.277775469289,3200.0000000000005,20250606,,food (Credit +$20.00)
207,20250526,3200.0000000000005,805.0,4861.277775469289,0.0,4861.277775469289,12400.0,0.0,0.0,12400.0,13976.48809854665,52.80644373988879,0.0,13976.48809854665,2.2959323365169055,0.0,22.295932336516906,-28895.572317755832,26429.29454228654,5666.277775469289,3200.0000000000005,20250606,,food (Credit +$20.00)
208,20250527,3200.0000000000005,825.0,4861.277775469289,0.0,4861.277775469289,12400.0,0.0,0.0,12400.0,13976.48809854665,55.1023760764057,0.0,13976.48809854665,2.2959323365169055,0.0,22.295932336516906,-28917.868250092346,26431.59047462306,5686.277775469289,3200.0000000000005,20250606,,food (Credit +$20.00)
209,20250528,3200.0000000000005,845.0,4861.277775469289,0.0,4861.277775469289,12400.0,0.0,0.0,12400.0,13976.48809854665,57.3983084129226,0.0,13976.48809854665,2.2959323365169055,0.0,22.295932336516906,-28940.16418242886,26433.886406959573,5706.277775469289,3200.0000000000005,20250606,,food (Credit +$20.00)
210,20250529,3200.0000000000005,865.0,4861.277775469289,0.0,4861.277775469289,12400.0,0.0,0.0,12400.0,13976.48809854665,59.69424074943951,0.0,13976.48809854665,2.2959323365169055,0.0,22.295932336516906,-28962.46011476538,26436.18233929609,5726.277775469289,3200.0000000000005,20250606,,food (Credit +$20.00)
211,20250530,3200.0000000000005,885.0,4861.277775469289,0.0,4861.277775469289,12400.0,0.0,0.0,12400.0,13976.48809854665,61.990173085956414,0.0,13976.48809854665,2.2959323365169055,0.0,22.295932336516906,-28984.756047101895,26438.478271632608,5746.277775469289,3200.0000000000005,20250606,,food (Credit +$20.00)
212,20250531,3200.0000000000005,905.0,4861.277775469289,0.0,4861.277775469289,12400.0,0.0,0.0,12400.0,13976.48809854665,64.28610542247331,0.0,13976.48809854665,2.2959323365168984,0.0,22.2959323365169,-29007.051979438416,26440.774203969126,5766.277775469289,3200.0000000000005,20250606,,food (Credit +$20.00)
213,20250601,2700.0000000000005,1025.0,4861.277775469289,0.0,4861.277775469289,11900.0,0.0,0.0,12400.0,13976.48809854665,66.58203775899021,0.0,13976.48809854665,2.2959323365168984,0.0,122.2959323365169,-29129.34791177493,25943.070136305643,5886.277775469289,2700.0000000000005,20250606,LOAN MIN PAYMENT (Dad Loan: Principal Balance -$500.00); LOAN MIN PAYMENT (Checking -$500.00),storage unit rent (Credit +$100.00); food (Credit +$20.00)
214,20250602,2700.0000000000005,1135.0,4861.277775469289,0.0,4861.277775469289,11900.0,0.0,0.0,11900.0,13976.48809854665,68.87797009550711,0.0,13976.48809854665,2.2959323365168984,0.0,112.2959323365169,-29241.643844111444,25945.366068642157,5996.277775469289,2700.0000000000005,20250606,,parking (Credit +$50.00); ai daddy (Credit +$20.00); food (Credit +$20.00); hulu (Credit +$20.00)
215,20250603,2076.810000000001,1235.0,4861.277775469289,0.0,4861.277775469289,11900.0,0.0,0.0,11900.0,13824.472000978674,0.0,0.0,13976.48809854665,2.2920299044928925,0.0,502.2920299044929,-29743.939776447958,25724.472000978676,6096.277775469289,2076.810000000001,20250606,LOAN MIN PAYMENT (Student Loans: Interest -$71.17); LOAN MIN PAYMENT (Student Loans: Principal Balance -$152.02); LOAN MIN PAYMENT (Checking -$223.19),sjcc summer 2025 tuition (Checking -$400.00); gas (Credit +$80.00); food (Credit +$20.00)
216,20250604,2076.810000000001,1255.0,4861.277775469289,0.0,4861.277775469289,11900.0,0.0,0.0,11900.0,13824.472000978674,2.2709604929739093,0.0,13824.472000978674,2.2709604929739093,0.0,22.27096049297391,-29766.210736940935,25726.74296147165,6116.277775469289,2076.810000000001,20250606,,food (Credit +$20.00)
217,20250605,0.0,1275.0,2784.467775469288,2076.810000000001,4861.277775469289,11900.0,0.0,0.0,11900.0,13824.472000978674,4.541920985947819,0.0,13824.472000978674,2.2709604929739093,0.0,22.27096049297391,-29788.481697433912,25729.013921964623,4059.467775469288,0.0,20250606,ADDTL CC PAYMENT (Checking -$2076.81); ADDTL CC PAYMENT (Credit: Prev Stmt Bal -$2076.81),food (Credit +$20.00)
218,20250606,1600.0,1295.0,2784.467775469288,2076.810000000001,4861.277775469289,11900.0,0.0,0.0,11900.0,13824.472000978674,6.812881478921728,0.0,13824.472000978674,2.2709604929739093,1577.729039507026,0.0,-28210.75265792689,25731.2848824576,4079.467775469288,1600.0,20250620,INCOME (Checking +$1600.00),EMT income (Checking +$1600.00); food (Credit +$20.00)
219,20250607,1600.0,0,4216.908144395,2076.810000000001,4861.277775469289,11900.0,0.0,0.0,11900.0,13824.472000978674,9.083841971895637,0.0,13824.472000978674,119.71096049297391,0.0,139.71096049297392,-28350.463987345574,25733.555842950573,4216.908144395,1600.0,20250620,CC INTEREST (Credit: Prev Stmt Bal +$117.44); CC MIN PAYMENT ALREADY MADE (Checking -$0.00); CC MIN PAYMENT ALREADY MADE (Credit: Prev Stmt Bal -$0.00),food (Credit +$20.00)
220,20250608,1600.0,20.0,4216.908144395,0.0,4216.908144395,11900.0,0.0,0.0,11900.0,13824.472000978674,11.354802464869547,0.0,13824.472000978674,2.2709604929739093,0.0,22.27096049297391,-28372.734947838544,25735.826803443546,4236.908144395,1600.0,20250620,,food (Credit +$20.00)
221,20250609,1600.0,40.0,4216.908144395,0.0,4216.908144395,11900.0,0.0,0.0,11900.0,13824.472000978674,13.625762957843456,0.0,13824.472000978674,2.2709604929739093,0.0,22.27096049297391,-28395.00590833152,25738.09776393652,4256.908144395,1600.0,20250620,,food (Credit +$20.00)
222,20250610,1600.0,60.0,4216.908144395,0.0,4216.908144395,11900.0,0.0,0.0,11900.0,13824.472000978674,15.896723450817365,0.0,13824.472000978674,2.2709604929739093,0.0,22.27096049297391,-28417.27686882449,25740.368724429492,4276.908144395,1600.0,20250620,,food (Credit +$20.00)
223,20250611,1600.0,80.0,4216.908144395,0.0,4216.908144395,11900.0,0.0,0.0,11900.0,13824.472000978674,18.167683943791275,0.0,13824.472000978674,2.2709604929739093,0.0,22.27096049297391,-28439.547829317467,25742.639684922466,4296.908144395,1600.0,20250620,,food (Credit +$20.00)
224,20250612,1600.0,100.0,4216.908144395,0.0,4216.908144395,11900.0,0.0,0.0,11900.0,13824.472000978674,20.438644436765184,0.0,13824.472000978674,2.2709604929739093,0.0,22.27096049297391,-28461.818789810444,25744.910645415443,4316.908144395,1600.0,20250620,,food (Credit +$20.00)
225,20250613,1600.0,120.0,4216.908144395,0.0,4216.908144395,11900.0,0.0,0.0,11900.0,13824.472000978674,22.709604929739093,0.0,13824.472000978674,2.2709604929739093,0.0,22.27096049297391,-28484.089750303414,25747.181605908416,4336.908144395,1600.0,20250620,,food (Credit +$20.00)
226,20250614,1600.0,140.0,4216.908144395,0.0,4216.908144395,11900.0,0.0,0.0,11900.0,13824.472000978674,24.980565422713003,0.0,13824.472000978674,2.2709604929739093,0.0,22.27096049297391,-28506.36071079639,25749.45256640139,4356.908144395,1600.0,20250620,,food (Credit +$20.00)
227,20250615,1600.0,160.0,4216.908144395,0.0,4216.908144395,11900.0,0.0,0.0,11900.0,13824.472000978674,27.251525915686912,0.0,13824.472000978674,2.2709604929739093,0.0,22.27096049297391,-28528.63167128936,25751.723526894362,4376.908144395,1600.0,20250620,,food (Credit +$20.00)
228,20250616,1600.0,180.0,4216.908144395,0.0,4216.908144395,11900.0,0.0,0.0,11900.0,13824.472000978674,29.52248640866082,0.0,13824.472000978674,2.2709604929739093,0.0,22.27096049297391,-28550.902631782337,25753.994487387336,4396.908144395,1600.0,20250620,,food (Credit +$20.00)
229,20250617,1600.0,280.0,4216.908144395,0.0,4216.908144395,11900.0,0.0,0.0,11900.0,13824.472000978674,31.79344690163473,0.0,13824.472000978674,2.2709604929739093,0.0,102.27096049297391,-28653.173592275314,25756.265447880312,4496.908144395,1600.0,20250620,,gas (Credit +$80.00); food (Credit +$20.00)
230,20250618,1600.0,550.0,4216.908144395,0.0,4216.908144395,11900.0,0.0,0.0,11900.0,13824.472000978674,34.06440739460864,0.0,13824.472000978674,2.270960492973906,0.0,272.2709604929739,-28925.444552768284,25758.536408373286,4766.908144395,1600.0,20250620,,phone (Credit +$250.00); food (Credit +$20.00)
231,20250619,1600.0,570.0,4216.908144395,0.0,4216.908144395,11900.0,0.0,0.0,11900.0,13824.472000978674,36.33536788758255,0.0,13824.472000978674,2.270960492973913,0.0,22.270960492973913,-28947.71551326126,25760.80736886626,4786.908144395,1600.0,20250620,,food (Credit +$20.00)
232,20250620,3199.9999999999995,685.0,4216.908144395,0.0,4216.908144395,11900.0,0.0,0.0,11900.0,13824.472000978674,38.60632838055646,0.0,13824.472000978674,2.270960492973913,1482.729039507026,0.0,-27464.98647375423,25763.078329359232,4901.908144395,3199.9999999999995,20250704,INCOME (Checking +$1600.00),EMT income (Checking +$1600.00); car insurance (Credit +$95.00); food (Credit +$20.00)
233,20250621,3199.9999999999995,705.0,4216.908144395,0.0,4216.908144395,11900.0,0.0,0.0,11900.0,13824.472000978674,40.877288873530375,0.0,13824.472000978674,2.270960492973913,0.0,22.270960492973913,-27487.257434247207,25765.349289852205,4921.908144395,3199.9999999999995,20250704,,food (Credit +$20.00)
234,20250622,3199.9999999999995,725.0,4216.908144395,0.0,4216.908144395,11900.0,0.0,0.0,11900.0,13824.472000978674,43.14824936650429,0.0,13824.472000978674,2.270960492973913,0.0,22.270960492973913,-27509.528394740177,25767.62025034518,4941.908144395,3199.9999999999995,20250704,,food (Credit +$20.00)
235,20250623,3199.9999999999995,745.0,4216.908144395,0.0,4216.908144395,11900.0,0.0,0.0,11900.0,13824.472000978674,45.4192098594782,0.0,13824.472000978674,2.270960492973913,0.0,22.270960492973913,-27531.799355233154,25769.891210838156,4961.908144395,3199.9999999999995,20250704,,food (Credit +$20.00)
236,20250624,3199.9999999999995,765.0,4216.908144395,0.0,4216.908144395,11900.0,0.0,0.0,11900.0,13824.472000978674,47.690170352452114,0.0,13824.472000978674,2.270960492973913,0.0,22.270960492973913,-27554.07031572613,25772.16217133113,4981.908144395,3199.9999999999995,20250704,,food (Credit +$20.00)
237,20250625,3199.9999999999995,785.0,4216.908144395,0.0,4216.908144395,11900.0,0.0,0.0,11900.0,13824.472000978674,49.96113084542603,0.0,13824.472000978674,2.270960492973913,0.0,22.270960492973913,-27576.3412762191,25774.433131824102,5001.908144395,3199.9999999999995,20250704,,food (Credit +$20.00)
238,20250626,3199.9999999999995,805.0,4216.908144395,0.0,4216.908144395,11900.0,0.0,0.0,11900.0,13824.472000978674,52.23209133839994,0.0,13824.472000978674,2.270960492973913,0.0,22.270960492973913,-27598.612236712077,25776.704092317075,5021.908144395,3199.9999999999995,20250704,,food (Credit +$20.00)
239,20250627,3199.9999999999995,825.0,4216.908144395,0.0,4216.908144395,11900.0,0.0,0.0,11900.0,13824.472000978674,54.50305183137385,0.0,13824.472000978674,2.270960492973913,0.0,22.270960492973913,-27620.883197205047,25778.97505281005,5041.908144395,3199.9999999999995,20250704,,food (Credit +$20.00)
240,20250628,3199.9999999999995,845.0,4216.908144395,0.0,4216.908144395,11900.0,0.0,0.0,11900.0,13824.472000978674,56.774012324347765,0.0,13824.472000978674,2.270960492973913,0.0,22.270960492973913,-27643.154157698023,25781.246013303025,5061.908144395,3199.9999999999995,20250704,,food (Credit +$20.00)
241,20250629,3199.9999999999995,865.0,4216.908144395,0.0,4216.908144395,11900.0,0.0,0.0,11900.0,13824.472000978674,59.04497281732168,0.0,13824.472000978674,2.270960492973913,0.0,22.270960492973913,-27665.425118191,25783.516973796,5081.908144395,3199.9999999999995,20250704,,food (Credit +$20.00)
242,20250630,3199.9999999999995,885.0,4216.908144395,0.0,4216.908144395,11900.0,0.0,0.0,11900.0,13824.472000978674,61.31593331029559,0.0,13824.472000978674,2.270960492973913,0.0,22.270960492973913,-27687.69607868397,25785.787934288972,5101.908144395,3199.9999999999995,20250704,,food (Credit +$20.00)
243,20250701,2699.9999999999995,1085.0,4216.908144395,0.0,4216.908144395,11400.0,0.0,0.0,11900.0,13824.472000978674,63.586893803269504,0.0,13824.472000978674,2.270960492973913,0.0,202.27096049297393,-27889.967039176947,25288.058894781945,5301.908144395,2699.9999999999995,20250704,LOAN MIN PAYMENT (Dad Loan: Principal Balance -$500.00); LOAN MIN PAYMENT (Checking -$500.00),storage unit rent (Credit +$100.00); gas (Credit +$80.00); food (Credit +$20.00)
244,20250702,2699.9999999999995,1195.0,4216.908144395,0.0,4216.908144395,11400.0,0.0,0.0,11400.0,13824.472000978674,65.85785429624342,0.0,13824.472000978674,2.270960492973913,0.0,112.27096049297391,-28002.237999669916,25290.32985527492,5411.908144395,2699.9999999999995,20250704,,parking (Credit +$50.00); ai daddy (Credit +$20.00); food (Credit +$20.00); hulu (Credit +$20.00)
245,20250703,2476.81,1215.0,4216.908144395,0.0,4216.908144395,11400.0,0.0,0.0,11400.0,13669.410815767891,0.0,0.0,13824.472000978674,2.2721457037565784,0.0,22.27214570375658,-28024.508960162893,25069.410815767893,5431.908144395,2476.81,20250704,LOAN MIN PAYMENT (Student Loans: Interest -$68.13); LOAN MIN PAYMENT (Student Loans: Principal Balance -$155.06); LOAN MIN PAYMENT (Checking -$223.19),food (Credit +$20.00)
246,20250704,4076.81,1235.0,4216.908144395,0.0,4216.908144395,11400.0,0.0,0.0,11400.0,13669.410815767891,2.2454884296949307,0.0,13669.410815767891,2.2454884296949307,1577.754511570305,0.0,-26446.75444859259,25071.65630419759,5451.908144395,4076.81,20250718,INCOME (Checking +$1600.00),EMT income (Checking +$1600.00); food (Credit +$20.00)
247,20250705,0.0,1255.0,140.09814439499996,4076.81,4216.908144395,11400.0,0.0,0.0,11400.0,13669.410815767891,4.490976859389861,0.0,13669.410815767891,2.2454884296949307,0.0,22.24548842969493,-26468.999937022283,25073.901792627283,1395.098144395,0.0,20250718,ADDTL CC PAYMENT (Checking -$4076.81); ADDTL CC PAYMENT (Credit: Prev Stmt Bal -$4076.81),food (Credit +$20.00)
248,20250706,0.0,1275.0,140.09814439499996,4076.81,4216.908144395,11400.0,0.0,0.0,11400.0,13669.410815767891,6.7364652890847925,0.0,13669.410815767891,2.245488429694931,0.0,22.24548842969493,-26491.24542545198,25076.14728105698,1415.098144395,0.0,20250718,,food (Credit +$20.00)
249,20250707,0.0,0,1536.9716169833428,4076.81,4216.908144395,11400.0,0.0,0.0,11400.0,13669.410815767891,8.981953718779723,0.0,13669.410815767891,104.11548842969493,0.0,124.11548842969493,-26615.364386470013,25078.392769486672,1536.9716169833428,0.0,20250718,CC INTEREST (Credit: Prev Stmt Bal +$101.87); CC MIN PAYMENT ALREADY MADE (Checking -$0.00); CC MIN PAYMENT ALREADY MADE (Credit: Prev Stmt Bal -$0.00),food (Credit +$20.00)
250,20250708,0.0,20.0,1536.9716169833428,0.0,1536.9716169833428,11400.0,0.0,0.0,11400.0,13669.410815767891,11.227442148474653,0.0,13669.410815767891,2.2454884296949302,0.0,22.24548842969493,-26637.60987489971,25080.63825791637,1556.9716169833428,0.0,20250718,,food (Credit +$20.00)
251,20250709,0.0,40.0,1536.9716169833428,0.0,1536.9716169833428,11400.0,0.0,0.0,11400.0,13669.410815767891,13.472930578169583,0.0,13669.410815767891,2.2454884296949302,0.0,22.24548842969493,-26659.855363329407,25082.883746346062,1576.9716169833428,0.0,20250718,,food (Credit +$20.00)
252,20250710,0.0,60.0,1536.9716169833428,0.0,1536.9716169833428,11400.0,0.0,0.0,11400.0,13669.410815767891,15.718419007864513,0.0,13669.410815767891,2.2454884296949302,0.0,22.24548842969493,-26682.100851759104,25085.12923477576,1596.9716169833428,0.0,20250718,,food (Credit +$20.00)
253,20250711,0.0,80.0,1536.9716169833428,0.0,1536.9716169833428,11400.0,0.0,0.0,11400.0,13669.410815767891,17.963907437559445,0.0,13669.410815767891,2.245488429694932,0.0,22.24548842969493,-26704.346340188793,25087.374723205452,1616.9716169833428,0.0,20250718,,food (Credit +$20.00)
254,20250712,0.0,100.0,1536.9716169833428,0.0,1536.9716169833428,11400.0,0.0,0.0,11400.0,13669.410815767891,20.209395867254376,0.0,13669.410815767891,2.2454884296949302,0.0,22.24548842969493,-26726.59182861849,25089.62021163515,1636.9716169833428,0.0,20250718,,food (Credit +$20.00)
255,20250713,0.0,120.0,1536.9716169833428,0.0,1536.9716169833428,11400.0,0.0,0.0,11400.0,13669.410815767891,22.454884296949306,0.0,13669.410815767891,2.2454884296949302,0.0,22.24548842969493,-26748.837317048186,25091.86570006484,1656.9716169833428,0.0,20250718,,food (Credit +$20.00)
256,20250714,0.0,140.0,1536.9716169833428,0.0,1536.9716169833428,11400.0,0.0,0.0,11400.0,13669.410815767891,24.700372726644236,0.0,13669.410815767891,2.2454884296949302,0.0,22.24548842969493,-26771.082805477883,25094.11118849454,1676.9716169833428,0.0,20250718,,food (Credit +$20.00)
257,20250715,0.0,240.0,1536.9716169833428,0.0,1536.9716169833428,11400.0,0.0,0.0,11400.0,13669.410815767891,26.945861156339166,0.0,13669.410815767891,2.2454884296949302,0.0,102.24548842969493,-26873.328293907573,25096.35667692423,1776.9716169833428,0.0,20250718,,gas (Credit +$80.00); food (Credit +$20.00)
258,20250716,0.0,260.0,1536.9716169833428,0.0,1536.9716169833428,11400.0,0.0,0.0,11400.0,13669.410815767891,29.191349586034097,0.0,13669.410815767891,2.2454884296949302,0.0,22.24548842969493,-26895.57378233727,25098.60216535393,1796.9716169833428,0.0,20250718,,food (Credit +$20.00)
259,20250717,0.0,280.0,1536.9716169833428,0.0,1536.9716169833428,11400.0,0.0,0.0,11400.0,13669.410815767891,31.436838015729027,0.0,13669.410815767891,2.2454884296949302,0.0,22.24548842969493,-26917.819270766966,25100.84765378362,1816.9716169833428,0.0,20250718,,food (Credit +$20.00)
260,20250718,1600.0,550.0,1536.9716169833428,0.0,1536.9716169833428,11400.0,0.0,0.0,11400.0,13669.410815767891,33.68232644542396,0.0,13669.410815767891,2.245488429694934,1327.754511570305,0.0,-25590.064759196663,25103.093142213318,2086.9716169833428,1600.0,20250801,INCOME (Checking +$1600.00),EMT income (Checking +$1600.00); phone (Credit +$250.00); food (Credit +$20.00)
261,20250719,1600.0,570.0,1536.9716169833428,0.0,1536.9716169833428,11400.0,0.0,0.0,11400.0,13669.410815767891,35.92781487511889,0.0,13669.410815767891,2.2454884296949302,0.0,22.24548842969493,-25612.310247626352,25105.33863064301,2106.9716169833428,1600.0,20250801,,food (Credit +$20.00)
262,20250720,1600.0,685.0,1536.9716169833428,0.0,1536.9716169833428,11400.0,0.0,0.0,11400.0,13669.410815767891,38.17330330481382,0.0,13669.410815767891,2.2454884296949302,0.0,117.24548842969493,-25729.55573605605,25107.584119072708,2221.9716169833428,1600.0,20250801,,car insurance (Credit +$95.00); food (Credit +$20.00)
263,20250721,1600.0,705.0,1536.9716169833428,0.0,1536.9716169833428,11400.0,0.0,0.0,11400.0,13669.410815767891,40.41879173450875,0.0,13669.410815767891,2.2454884296949302,0.0,22.24548842969493,-25751.801224485745,25109.8296075024,2241.9716169833428,1600.0,20250801,,food (Credit +$20.00)
264,20250722,1600.0,725.0,1536.9716169833428,0.0,1536.9716169833428,11400.0,0.0,0.0,11400.0,13669.410815767891,42.66428016420368,0.0,13669.410815767891,2.2454884296949302,0.0,22.24548842969493,-25774.046712915442,25112.075095932098,2261.9716169833428,1600.0,20250801,,food (Credit +$20.00)
265,20250723,1600.0,745.0,1536.9716169833428,0.0,1536.9716169833428,11400.0,0.0,0.0,11400.0,13669.410815767891,44.90976859389861,0.0,13669.410815767891,2.2454884296949302,0.0,22.24548842969493,-25796.29220134513,25114.32058436179,2281.9716169833428,1600.0,20250801,,food (Credit +$20.00)
266,20250724,1600.0,765.0,1536.9716169833428,0.0,1536.9716169833428,11400.0,0.0,0.0,11400.0,13669.410815767891,47.15525702359354,0.0,13669.410815767891,2.2454884296949302,0.0,22.24548842969493,-25818.53768977483,25116.566072791487,2301.9716169833428,1600.0,20250801,,food (Credit +$20.00)
267,20250725,1600.0,785.0,1536.9716169833428,0.0,1536.9716169833428,11400.0,0.0,0.0,11400.0,13669.410815767891,49.40074545328847,0.0,13669.410815767891,2.2454884296949302,0.0,22.24548842969493,-25840.783178204525,25118.81156122118,2321.9716169833428,1600.0,20250801,,food (Credit +$20.00)
268,20250726,1600.0,805.0,1536.9716169833428,0.0,1536.9716169833428,11400.0,0.0,0.0,11400.0,13669.410815767891,51.6462338829834,0.0,13669.410815767891,2.2454884296949302,0.0,22.24548842969493,-25863.02866663422,25121.057049650877,2341.9716169833428,1600.0,20250801,,food (Credit +$20.00)
269,20250727,1600.0,825.0,1536.9716169833428,0.0,1536.9716169833428,11400.0,0.0,0.0,11400.0,13669.410815767891,53.89172231267833,0.0,13669.410815767891,2.2454884296949302,0.0,22.24548842969493,-25885.27415506391,25123.30253808057,2361.9716169833428,1600.0,20250801,,food (Credit +$20.00)
270,20250728,1600.0,845.0,1536.9716169833428,0.0,1536.9716169833428,11400.0,0.0,0.0,11400.0,13669.410815767891,56.13721074237326,0.0,13669.410815767891,2.2454884296949302,0.0,22.24548842969493,-25907.519643493608,25125.548026510267,2381.9716169833428,1600.0,20250801,,food (Credit +$20.00)
271,20250729,1600.0,945.0,1536.9716169833428,0.0,1536.9716169833428,11400.0,0.0,0.0,11400.0,13669.410815767891,58.38269917206819,0.0,13669.410815767891,2.2454884296949302,0.0,102.24548842969493,-26009.765131923305,25127.79351493996,2481.9716169833428,1600.0,20250801,,gas (Credit +$80.00); food (Credit +$20.00)
272,20250730,1600.0,965.0,1536.9716169833428,0.0,1536.9716169833428,11400.0,0.0,0.0,11400.0,13669.410815767891,60.62818760176312,0.0,13669.410815767891,2.2454884296949302,0.0,22.24548842969493,-26032.010620353,25130.039003369657,2501.9716169833428,1600.0,20250801,,food (Credit +$20.00)
273,20250731,1600.0,985.0,1536.9716169833428,0.0,1536.9716169833428,11400.0,0.0,0.0,11400.0,13669.410815767891,62.873676031458054,0.0,13669.410815767891,2.2454884296949302,0.0,22.24548842969493,-26054.25610878269,25132.28449179935,2521.9716169833428,1600.0,20250801,,food (Credit +$20.00)
274,20250801,2700.0,1105.0,1536.9716169833428,0.0,1536.9716169833428,10900.0,0.0,0.0,11400.0,13669.410815767891,65.11916446115299,0.0,13669.410815767891,2.2454884296949373,1477.754511570305,0.0,-24576.501597212387,24634.529980229046,2641.9716169833428,2700.0,20250815,INCOME (Checking +$1600.00); LOAN MIN PAYMENT (Dad Loan: Principal Balance -$500.00); LOAN MIN PAYMENT (Checking -$500.00),EMT income (Checking +$1600.00); storage unit rent (Credit +$100.00); food (Credit +$20.00)
275,20250802,2700.0,1215.0,1536.9716169833428,0.0,1536.9716169833428,10900.0,0.0,0.0,10900.0,13669.410815767891,67.36465289084792,0.0,13669.410815767891,2.2454884296949302,0.0,112.24548842969493,-24688.747085642084,24636.77546865874,2751.9716169833428,2700.0,20250815,,parking (Credit +$50.00); ai daddy (Credit +$20.00); food (Credit +$20.00); hulu (Credit +$20.00)
276,20250803,2076.8100000000004,1235.0,1536.9716169833428,0.0,1536.9716169833428,10900.0,0.0,0.0,10900.0,13515.830957088434,0.0,0.0,13669.410815767891,2.2453471091520782,0.0,422.2453471091521,-25110.992574071774,24415.830957088434,2771.9716169833428,2076.8100000000004,20250815,LOAN MIN PAYMENT (Student Loans: Interest -$69.61); LOAN MIN PAYMENT (Student Loans: Principal Balance -$153.58); LOAN MIN PAYMENT (Checking -$223.19),sjcc fall 2025 tuition (Checking -$400.00); food (Credit +$20.00)
277,20250804,2076.8100000000004,1255.0,1536.9716169833428,0.0,1536.9716169833428,10900.0,0.0,0.0,10900.0,13515.830957088434,2.2202597054765394,0.0,13515.830957088434,2.2202597054765394,0.0,22.22025970547654,-25133.212833777252,24418.05121679391,2791.9716169833428,2076.8100000000004,20250815,,food (Credit +$20.00)
278,20250805,4.547473508864641e-13,735.1616169833428,0.0,2076.81,1536.9716169833428,10900.0,0.0,0.0,10900.0,13515.830957088434,4.440519410953079,0.0,13515.830957088434,2.2202597054765394,0.0,22.22025970547654,-25155.43309348273,24420.271476499387,735.1616169833428,4.547473508864641e-13,20250815,ADDTL CC PAYMENT (Checking -$539.84); ADDTL CC PAYMENT (Credit: Curr Stmt Bal -$539.84); ADDTL CC PAYMENT (Checking -$1536.97); ADDTL CC PAYMENT (Credit: Prev Stmt Bal -$1536.97),food (Credit +$20.00)
279,20250806,4.547473508864641e-13,755.1616169833428,0.0,2076.81,1536.9716169833428,10900.0,0.0,0.0,10900.0,13515.830957088434,6.660779116429618,0.0,13515.830957088434,2.220259705476539,0.0,22.22025970547654,-25177.653353188205,24422.49173620486,755.1616169833428,4.547473508864641e-13,20250815,,food (Credit +$20.00)
280,20250807,4.547473508864641e-13,0,812.2922896302985,2076.81,1536.9716169833428,10900.0,0.0,0.0,10900.0,13515.830957088434,8.881038821906158,0.0,13515.830957088434,39.350259705476546,0.0,59.350259705476546,-25237.00428554064,24424.71199591034,812.2922896302985,4.547473508864641e-13,20250815,CC MIN PAYMENT ALREADY MADE (Checking -$0.00); CC MIN PAYMENT ALREADY MADE (Credit: Prev Stmt Bal -$0.00); CC INTEREST (Credit: Prev Stmt Bal +$37.13),food (Credit +$20.00)
281,20250808,4.547473508864641e-13,20.0,812.2922896302985,0.0,812.2922896302985,10900.0,0.0,0.0,10900.0,13515.830957088434,11.101298527382697,0.0,13515.830957088434,2.22025970547654,0.0,22.22025970547654,-25259.224545246114,24426.932255615815,832.2922896302985,4.547473508864641e-13,20250815,,food (Credit +$20.00)
282,20250809,4.547473508864641e-13,40.0,812.2922896302985,0.0,812.2922896302985,10900.0,0.0,0.0,10900.0,13515.830957088434,13.321558232859237,0.0,13515.830957088434,2.22025970547654,0.0,22.22025970547654,-25281.444804951592,24429.152515321293,852.2922896302985,4.547473508864641e-13,20250815,,food (Credit +$20.00)
283,20250810,4.547473508864641e-13,60.0,812.2922896302985,0.0,812.2922896302985,10900.0,0.0,0.0,10900.0,13515.830957088434,15.541817938335777,0.0,13515.830957088434,2.22025970547654,0.0,22.22025970547654,-25303.665064657067,24431.372775026768,872.2922896302985,4.547473508864641e-13,20250815,,food (Credit +$20.00)
284,20250811,4.547473508864641e-13,80.0,812.2922896302985,0.0,812.2922896302985,10900.0,0.0,0.0,10900.0,13515.830957088434,17.762077643812315,0.0,13515.830957088434,2.220259705476538,0.0,22.220259705476536,-25325.885324362545,24433.593034732246,892.2922896302985,4.547473508864641e-13,20250815,,food (Credit +$20.00)
285,20250812,4.547473508864641e-13,180.0,812.2922896302985,0.0,812.2922896302985,10900.0,0.0,0.0,10900.0,13515.830957088434,19.982337349288855,0.0,13515.830957088434,2.22025970547654,0.0,102.22025970547654,-25428.10558406802,24435.81329443772,992.2922896302985,4.547473508864641e-13,20250815,,gas (Credit +$80.00); food (Credit +$20.00)
286,20250813,4.547473508864641e-13,200.0,812.2922896302985,0.0,812.2922896302985,10900.0,0.0,0.0,10900.0,13515.830957088434,22.202597054765395,0.0,13515.830957088434,2.22025970547654,0.0,22.22025970547654,-25450.3258437735,24438.0335541432,1012.2922896302985,4.547473508864641e-13,20250815,,food (Credit +$20.00)
287,20250814,4.547473508864641e-13,220.0,812.2922896302985,0.0,812.2922896302985,10900.0,0.0,0.0,10900.0,13515.830957088434,24.422856760241935,0.0,13515.830957088434,2.22025970547654,0.0,22.22025970547654,-25472.546103478973,24440.253813848674,1032.2922896302985,4.547473508864641e-13,20250815,,food (Credit +$20.00)
288,20250815,1600.0000000000005,240.0,812.2922896302985,0.0,812.2922896302985,10900.0,0.0,0.0,10900.0,13515.830957088434,26.643116465718474,0.0,13515.830957088434,2.22025970547654,1577.7797402945234,0.0,-23894.76636318445,24442.474073554153,1052.2922896302985,1600.0000000000005,,INCOME (Checking +$1600.00),EMT income (Checking +$1600.00); food (Credit +$20.00)
